,Abusive Words
0,ටෞකනවා
1,තෝ
2,ගෑනියෙක්
3,බිජ්ජට
4,හරකා
5,මී
6,හරකා
7,ගොන්
8,ජෝක්
9,පු
10,පලාගන්න
11,පරට්ටි
12,උඹේ
13,ගොන්
14,පකෝ
15,බැල්ලි
16,ගුද
17,මාර්ගෙනම්
18,පලනවා
19,පයිය
20,පොන්න
21,නායකයෝ
22,අන්තවාදී
23,බල්ලොන්ට
24,පුක
25,පකෝ
26,නොදකින්
27,අමු
28,ගොබ්බයි
29,අන්තවාදීන්ට
30,නරින්ගේ
31,පලයං
32,පකෝ
33,තොපි
34,රෙද්දක්ද
35,පාහරයිද
36,නොදකින්
37,පොන්න
38,පකෙක්
39,මීහරකා
40,බිජ්ජ
41,හුජ්ජ
42,කැත
43,ඌකාපන්
44,බැල්ලි
45,නාකි
46,හෙන
47,චාටර්
48,තෝ
49,පපයා
50,කාලකණ්ණි
51,මෝඩයා
52,මෝඩ
53,මොංගල්
54,පර
55,සක්කිලි
56,හැත්ත
57,තොපිට
58,පලයන්
59,හරකා
60,ගොන්නු
61,පුක
62,හුජ්ජ
63,කාලකන්නියෙක්
64,මු
65,කුප්පි
66,රෙද්ද
67,කාලකන්නි
68,සක්කිලි
69,වේස
70,බල්ලො
71,සුනඛයෙක්
72,සක්කිලි
73,බල්ලො
74,පයිය
75,සිකේ
76,උඹේ
77,උඹ
78,ගොන්
79,වේසි
80,වේසි
81,හුකන්නෝ
82,පුක
83,දීගෙන
84,හැමිනෙන්නේ
85,තොපේ
86,අම්මගේ
87,රෙද්ද
88,ගොන්
89,පකයො
90,පයියට
91,පයිය
92,තො
93,කාලකන්නි
94,කාලකන්නියා
95,සක්කිලි
96,පකෝමේ
97,තොපිට
98,තෝ
99,ජංගියේ
100,චූ
101,හුජ්ජ
102,පොන්නයද
103,පුකේ
104,පයිය
105,ගොන්ද
106,නොදකින්
107,තෝපි
108,බිජ්ජ
109,ලගින්ම
110,සාප
111,මරි
112,මෝඩ
113,තොපිව
114,කනෙන්
115,අැදලා
116,තොපේ
117,ගැනු
118,ට
119,ලබ්බ
120,පිස්සා
121,කාලකණ්ණි
122,හැත්තට
123,කාලකණ්ණි
124,හෙන
125,ගොනා
126,කාලකණ්ණි
127,ගොන්
128,පක්කු
129,හුත්ත
130,වේසි
131,බැල්ලි
132,හිවල්
133,සුනඛයෝ
134,අවජාතක
135,වල්
136,බල්ලෝ
137,තොපි
138,සක්කිලි
139,තූ
140,නොදකින්
141,කාලකණ්නියා
142,සක්කිලි
143,ලබ්බ
144,තප්පුලන්න
145,සක්කිලි
146,වැඩ
147,හුජ්ජ
148,තමුසෙ
149,තමුසෙ
150,තෝ
151,නාකිම
152,පකෝ
153,වේස
154,හුජ්ජ
155,පකෝ
156,සක්කිලි
157,නොදකින්
158,වේසි
159,වේසි
160,හැමිනෙනවා
161,කාලකන්නි
162,පිස්සු
163,හුත්තිගේ
164,අවලම්
165,හැත්ත
166,හෙන
167,චරිත
168,නොදකින්
169,වේස
170,හැත්ත
171,හමන්නලා
172,හිගාකන
173,වේසිගෙ
174,පුතාලා
175,පුක
176,දෙන
177,ජංගි
178,අඳින
179,තෝ
180,ගල්
181,රෙද්ද
182,ගොං
183,හැත්තක්
184,පර
185,වේසි
186,ටොයියන්ට
187,අවජාතක
188,බල්ලා
189,තොට
190,පුකේ
191,අමු
192,ගූ
193,කටු
194,හුත්තකටද
195,යකෝ
196,හුත්ත
197,තොට
198,හුකනාතල්
199,තෝ
200,ඇනපිය
201,ඇනපිය
202,අයින්න
203,මැරෙන්න
204,පකයෙක්
205,පර
206,සක්කිලි
207,කැරි
208,පොන්න
209,වේසිගෙ
210,පුතෙක්
211,පට්ට
212,බැල්ලි
213,තොට
214,පුකයි
215,පොන්න
216,වේසිගෙ
217,තොපි
218,පතායා
219,බඩුව
220,යකෝ
221,පුක
222,මැරියන්
223,හුත්තිගේ
224,කැරියා
225,තොපි
226,නූගත්
227,හැත්තගේ
228,අවජාතක
229,තොගෙන්
230,තොගෙ
231,වේසි
232,කැරි
233,රාක්ෂ
234,ගෑණි
235,ටහුකන
236,අවජාතක
237,නපුංසකයො
238,නැට්ටුක්කාර
239,වේසි
240,බිජ්ජ
241,බිජ්ජ
242,ඌගේ
243,ගැණි
244,නොදකින්
245,පුක
246,පොන්න
247,වසලයෙක්
248,බිජ්ජ
249,බබ්බුද
250,හුක
251,හුක
252,මොඩ
253,මුසලයෙක්
254,ගොන්
255,අලියෙක්
256,හිවලෙක්
257,හරක්
258,පඩත්තල
259,සක්කිලි
260,ඊයා
261,කක්කි
262,පාහරයෙක්
263,කාලකණ්ණි
264,නාකි
265,හැමිනෙන
266,පකිස්
267,බූරුවො
268,යකෝ
269,මුසලයා
270,ලබ්බ
271,කිම්බ
272,ඇට
273,තම්
274,ගොන්
275,පක්කු
276,හැත්ත
277,හුත්තේ
278,පුක
279,තොපි
280,අවජාතක
281,තූ
282,පොන්න
283,මෝඩ
284,සක්කිලි
285,නොදකින්
286,හැතිකරයක්
287,පිස්සා
288,පට්ට
289,බැල්ලියෝ
290,පොරගේ
291,පයිය
292,පයිය
293,තොගෙ
294,තොට
295,ගෝත
296,පක
297,තොපෙ
298,පුක
299,තෝ
300,පලකො
301,වඳ
302,වේසිගේ
303,පුතෝ
304,බූරුවා
305,පුක
306,මෝඩ
307,මූසලයෙක්
308,බැල්ලි
309,බැල්ලි
310,තෝ
311,පල
312,හැත්තක්
313,ගොන්
314,වාහේ
315,පුක
316,වේසිගෙ
317,පුතාලට
318,පකෝ
319,පොන්නය
320,හැත්ත
321,අම්ම
322,වේසිගෙපුතා
323,කැරි
324,පොන්න
325,හුකන්නල
326,හුකවන්න
327,හුකෝනව
328,පකෙක්
329,හුත්තිගෙ
330,හැත්ත
331,රෙද්ද
332,පකෝ
333,පච
334,ටහුඩු
335,කුනුහබ්බ
336,මෙලෝ
337,රහක්
338,නැනේ
339,පල
340,තොපි
341,තොපි
342,බල්ලා
343,පොන්න
344,හුත්තල
345,පොන්නයොත්
346,පොන්නයො
347,කිම්බ
348,ටිංකිම්බොයි
349,හුත්ත
350,පයියවලුයි
351,පුක
352,නාකි
353,පට්ට
354,අවජාතකයකු
355,අමන
356,තෝ
357,මැරිලා
358,යකෝ
359,තොගෙ
360,බිජ්ජ
361,යකෝ
362,තොගෙ
363,බිජ්ජ
364,සක්කිලි
365,කාලකන්නි
366,හැත්ත
367,බැල්ලි
368,පක
369,හුත්ත
370,වේසියේ
371,තෝ
372,මළ
373,යකෝ
374,තොගෙ
375,පුක
376,උන්ගේ
377,රෙද්ද
378,අස්සේ
379,නොදකින්
380,පර
381,හැත්ත
382,පයිය
383,කල්ලතොනියෝ
384,තෝ
385,උඹ
386,හුකහන්
387,හුත්තෝ
388,වාගේ
389,හරකා
390,වාගේ
391,බිජ්ජ
392,පුක
393,දෙනවා
394,ගොන්
395,පක්කු
396,කාලකණ්ණි
397,නොදකින්
398,මෝඩයෝ
399,තෝ
400,හුජ්ජ
401,පොඩි
402,මුගේ
403,යකෝ
404,ගල්
405,බූතයො
406,කුජීත
407,වේසියොන්ට
408,වේසි
409,රෙද්දෙ
410,හුජ්ජ
411,වැලක්
412,තොපිලාට
413,සාප
414,වෙනවා
415,බොලව්
416,වේස
417,කැරියන්ව
418,හුත්තෝ
419,අවජාතක
420,හැත්ත
421,යකෝ
422,පරයෝ
423,තොපි
424,තොපේ
425,තෝව
426,පිම්පීයෝ
427,වේසකමේ
428,තෝ
429,හෙනකදයා
430,කිම්බ
431,හුජ්ජ
432,යකෝ
433,ලබ්බ
434,ගහන්නෙ
435,කනට
436,හුජ්ජ
437,උට්ටෝ
438,තොට
439,රිලා
440,ගැනිගේ
441,පුක
442,පකේ
443,පල
444,තෝ
445,හුකන්න
446,තෝ
447,නපුන්සකයා
448,තොගේ
449,උට්ටටක්
450,පයියක්
451,ටෝ
452,මැරියන්
453,මුසලයා
454,රෙද්ද
455,මූට
456,පිස්සු
457,වාචාල
458,මොඩ
459,ගොන්
460,බිජ්ජොන්ට
461,වේස
462,බඩුව
463,කාලකණ්නි
464,හැතිකරේට
465,හෙන
466,පකයෝ
467,පයිය
468,පිස්සු
469,තෝ
470,පලයන්
471,යකෝ
472,හරකා
473,මැරියන්
474,තෝ
475,පණුවො
476,දාලා
477,කුණු
478,වෙලා
479,මැරෙන්නේ
480,හුකාපන්
481,කුනු
482,හැත්ත
483,වල්
484,හිත
485,පයිය
486,පිස්සු
487,උන්මන්තක
488,තූ
489,නොදකින්
490,තමුසෙ
491,වනචරයෙක්
492,වේස
493,බල්ලනේ
494,තොපිට
495,ලබ්බවල්
496,හිගන
497,හැත්ත
498,පොන්න
499,ආතල්
500,අමනයො
501,මූට
502,පයිය
503,බල්ලවත්
504,මෝඩ
505,හැත්ත
506,පුක
507,ලබ්බ
508,හොරා
509,හුජ්ජ
510,බරක්
511,තොපි
512,අමු
513,සක්කිලි
514,මොංගල්ද
515,ඩාලින්
516,කරුමයක්
517,තෝ
518,චීත්තයක්
519,තොගේ
520,තෝ
521,පලල්
522,පයිය
523,කොටයි
524,පොන්න
525,අවජාතක
526,කොටියො
527,උඕෙ
528,සක්කිලි
529,ගොන්
530,ගොබ්බයෙක්
531,වල්
532,නොදකින්
533,තොපිට
534,පිස්සු
535,පිස්සු
536,කාලකණ්ණි
537,කුඩ්ඩොයි
538,පුක
539,කුහකයෝ
540,රීලා
541,හුත්තෝ
542,වල්
543,පරයා
544,පුකේ
545,පිරිමි
546,ගණිකාව
547,තවුසෙට
548,හෙන
549,ගහනව
550,පිස්සු
551,හුටන්ලා
552,තෝ
553,පරයො
554,ආච්චිට
555,හාල්
556,ගරන්න
557,නාකි
558,ගෑණු
559,ඉල්ලන්
560,කෑවා
561,යකූ
562,තඩි
563,බඩා
564,ජම්බෝලයා
565,හුජ්ජ
566,අලි
567,පයියක්
568,බඩුව
569,මූ
570,වේස
571,ගොන්
572,බයියෙක්ව
573,ගොං
574,හරකා
575,නොදකින්
576,කාලකණ්ණි
577,තොට
578,පලයන්
579,බන්
580,කිම්බ
581,පුකේ
582,කිම්බේ
583,ගු
584,හුත්ත
585,කිම්බ
586,බැල්ලි
587,බැල්ලි
588,පර
589,පකයා
590,පකෝ
591,තොපි
592,පොන්න
593,වහල්
594,පොන්නයා
595,අවජාතක
596,සක්කිලි
597,තොපිට
598,තොපිට
599,සක්කිලි
600,උට්ටො
601,කන්න
602,සිගේ
603,පකෝ
604,ගල්
605,මුසලයා
606,මැරියන්
607,තෝ
608,තන්
609,පවු
610,හරකා
611,වඳ
612,වේස
613,වේසියන්ට
614,පිස්සු
615,පිස්සා
616,පිස්සු
617,රෙද්ද
618,තොට
619,අකුලෝලම
620,පලයන්
621,කුහක
622,සක්කිලි
623,උලතියන්න
624,හුත්තිගෙ
625,පුතාලා
626,ගොං
627,හරකා
628,යකො
629,වේසිගෙ
630,පුක
631,පුක
632,බඩුව
633,ගොන්
634,හරක්
635,තඩි
636,නෙදකින්
637,අප්පිරියයි
638,පර
639,බල්ලා
640,තෝ
641,පඩ
642,පඩ
643,පඩ
644,පඩ
645,පඩ
646,පඩ
647,පඩ
648,පඩ
649,පඩ
650,පඩ
651,පඩ
652,පඩ
653,පඩ
654,පඩ
655,පඩ
656,හුත්ත
657,බල්ලා
658,පු
659,සක්කිලි
660,බල්ලො
661,පර
662,හැත්ත
663,පලයන්
664,බං
665,ගොන්
666,හැත්ත
667,පයිය
668,නොදකින්
669,මෝඩ
670,අඳබාලයෝ
671,කල්ලතොනි
672,තොපි
673,හුජ්ජ
674,කොල්ලො
675,වේසියේ
676,හැමිනෙන්න
677,අවජාතක
678,වේසියොත්
679,පුකේ
680,ඇරලා
681,ගූ
682,කැරි
683,පඳුරු
684,බැල්ලි
685,පාහරයව
686,කාලකණ්නි
687,කුණුහරප
688,තෝ
689,තොට
690,පුක
691,රෙද්ද
692,පිස්සා
693,පිස්සා
694,පක
695,පූම්බා
696,ලබ්බ
697,පලයං
698,තොට
699,හැත්තට
700,පුක
701,හාල්පාරුවො
702,හාල්පාරුවෙක්
703,පිස්සො
704,යකෝ
705,තෝ
706,කියාපිය
707,ලබ්බක්ද
708,නපුංසක
709,පර
710,හැත්ත
711,හුකනවා
712,හුත්තෝ
713,පකෝ
714,හුත්තො
715,බිජ්ජ
716,පරයො
717,සක්කිලි
718,බල්ලන්ට
719,සාප
720,වේවා
721,අවදානවැස්සියෙක්
722,අවජාතක
723,නොදකින්
724,පෙරේතයා
725,මරිමෝඩ
726,ගොං
727,හැත්ත
728,මැට්ටෝ
729,කාපන්
730,කාලකන්නින්ට
731,ගොබ්බයෝ
732,තොගෙ
733,ලබ්බෙ
734,තොගෙ
735,මී
736,හරකා
737,කාලකණ්නි
738,බල්ලා
739,ගං
740,කබරයෝ
741,තමුසෙලයි
742,තමුසෙලගෙ
743,කාලලන්නි
744,හොරු
745,බඩුව
746,ගොනා
747,බොක
748,හුජ්ජ
749,යන්නෙ
750,තෝ
751,පරයා
752,හැතිකරේ
753,බිජ්ජක්
754,පුකක්
755,පකෝ
756,පුක
757,මෝඩයො
758,බඩ්ඩම
759,බඩු
760,පිස්සු
761,හුයන්නෝ
762,ගොන්
763,නොදකින්
764,මාලු
765,වේසි
766,බිජ්ජ
767,හැලුනොත්
768,අවජතකයන්ටත්
769,අවජාතක
770,කුඩු
771,පොන්නයෙක්
772,ඕයි
773,උබලා
774,බඩුව
775,ඕයි
776,කැරි
777,පොන්න
778,හුත්තෝ
779,කැරි
780,පොන්නයන්ට
781,කැරියෙක්
782,පොන්නයා
783,පට්ට
784,වේසි
785,ලබ්බ
786,නාකි
787,හුචක්කු
788,ගොබ්බ
789,ගොන්නූ
790,හුකේ
791,නන්නානේ
792,රෙද්ද
793,නොදෝකින්
794,ගෝත
795,පකෝ
796,බූරුවා
797,තොපි
798,පොට්ටයෝ
799,පුක
800,බැල්ලි
801,ගොන්බයියො
802,මුගේ
803,අප්පට
804,උඹ
805,පල
806,උඹ
807,පර
808,හැත්ත
809,මැරිය
810,හුජ්ජ
811,සාප
812,හුජ්ජ
813,තෝ
814,පුක
815,අඩෝ
816,තෝ
817,අවජාතක
818,බල්ලන්
819,රෙන
820,ගොබිලො
821,රෙද්දෙ
822,ගස්
823,ගොබිලොද
824,හිපාටුව
825,යකෝ
826,හිකීම
827,පයියක්
828,කිම්බක්
829,පක
830,පොන්නයා
831,පොන්නයෙක්ම
832,යකෝ
833,යකෝ
834,තෝ
835,මොඩ
836,මුසලයෙක්
837,තෝ
838,තට්ට
839,හොරුන්ට
840,බූරුවෝ
841,තමුසෙ
842,ගෑණි
843,හරක්
844,තඩි
845,තන්
846,දෙක
847,කිම්බ
848,හුත්තී
849,ඩේසිය
850,කාලකණ්ණි
851,ගොන්
852,නාම්බෝ
853,බල්ලා
854,ගොං
855,හැත්ත
856,පකීර්ල
857,රෙන්න
858,පුක
859,පකේ
860,බං
861,රෙන්ඩ
862,පුක
863,චීත්ත
864,පකය
865,හුකන්නෙ
866,නොහුකම
867,අනේ
868,නොදකින්
869,පිම්පියො
870,අහිකුණ්ටිකයො
871,හුකන
872,හුයන්න
873,හුයන්නක්
874,පක
875,පුක
876,පොන්නයෙක්
877,තොට
878,හරකෝ
879,බූරුවට
880,යකෝ
881,ගොබ්බයා
882,කටුස්සි
883,උබ
884,ගොන්
885,මෝඩ
886,ගොබ්බ
887,හරක්
888,මී
889,හරක්
890,වහු
891,පෙරේත
892,කුම්බාන්ඩ
893,මීමැසි
894,ගොයන්
895,මැසි
896,නිල
897,මැසි
898,බලු
899,සුනක
900,අගමැතියා
901,තොපි
902,නිවට
903,නියාලු
904,බූරූ
905,මොංගලයොම
906,කුහක
907,හැත්ත
908,හුජ්ජ
909,කොල්ලා
910,ගොන්
911,බිජ්ජො
912,ගොන්
913,කාලකණ්ණි
914,ගොන්
915,හරකෙක්
916,පුකේ
917,යකෝ
918,යකෝ
919,තොට
920,ලබ්බවල්
921,හැමිනෙනවානේ
922,පකෝ
923,ටවුකන්න
924,හුකාපන්
925,හුත්තෝ
926,වේස
927,කාලකන්නි
928,බඩුව
929,හුත්තො
930,ගොංවස්සො
931,පකෝ
932,බඩු
933,සක්කිලි
934,පුක
935,දිදී
936,තූ
937,නොදකින්
938,තොගෙ
939,කට
940,හුජ්ජ
941,කොල්ල
942,ගොන්නුන්ගේ
943,පුක
944,නාකි
945,පකෝ
946,බැත්
947,බලයෙක්
948,නපුංසක
949,පස්ස
950,පලයන්
951,පුක
952,බූරුවාගේ
953,බූරු
954,ගොන්
955,හරක්
956,පකෝ
957,තෝ
958,අවජාතක
959,බල්ලා
960,ගොං
961,බල්ලා
962,බයියන්ගෙයි
963,ටොයියන්ගෙයි
964,හුත්තිගේ
965,හැමිණෙන්න
966,පක්කාලි
967,පොන්න
968,වේසිගේ
969,යකෝ
970,තොපිට
971,හෙන
972,ගහයි
973,වහල්
974,හැතිකරෙ
975,හුකෙ
976,උත්තො
977,තුප්පහි
978,ජඩ
979,තුච්ඡ
980,පුක
981,ඌටත්
982,පුක
983,දෙන
984,පොන්න
985,හැත්ත
986,කොනකපා
987,ශුකාණු
988,අවජාතක
989,හැත්ත
990,තොපි
991,පුක
992,ඉරාගෙන
993,හරක්
994,යකෝ
995,නෙදකින්
996,වේසාවා
997,තොපි
998,තොපි
999,මිනිහෝ
1000,මිනිහෝ
1001,නොදකින්
1002,තොට
1003,ගැණියෙ
1004,තෝ
1005,තොපිට
1006,ත්ත
1007,තෝ
1008,නොදකින්
1009,මුසලයා
1010,චික්
1011,කැතේ
1012,තොපේ
1013,අමිමලාට
1014,තොට
1015,කන
1016,පැලෙන්න
1017,කාලකණ්ණි
1018,මුන්ට
1019,කාලකණ්ණි
1020,හැතිකරේ
1021,පඩ
1022,ගඳයි
1023,අඩෙ
1024,අවජාතක
1025,පුතා
1026,පකෝ
1027,තොට
1028,අවජාතක
1029,පල
1030,පලයන්
1031,හෙන
1032,හත
1033,අසූචි
1034,කාලකණ්ණි
1035,අවජාතක
1036,හැත්ත
1037,කාලකණ්ණි
1038,බඩුව
1039,බඩුවක්
1040,බඩුවගේම
1041,බල්ලො
1042,තෝ
1043,තොට
1044,හුත්තෝ
1045,තොට
1046,යකෝ
1047,තූ
1048,හුජ්ජ
1049,කොල්ලා
1050,වේස
1051,ගෑණි
1052,මොඩයෙක්
1053,වේස
1054,බැල්ලියොන්ගෙ
1055,පල
1056,වේස
1057,බඩුව
1058,සාප
1059,කාලාකන්නි
1060,හරකා
1061,පොන්න
1062,බිජ්ජ
1063,අවජාතක
1064,හුජ්ජ
1065,කොල්ලා
1066,තමුසෙ
1067,තමුසෙට
1068,තමුසෙ
1069,තමුසෙට
1070,තමුසෙ
1071,ගොනා
1072,රෙද්ද
1073,ගෙම්බියො
1074,සක්කිලි
1075,ලබ්බ
1076,චුත
1077,පුක
1078,පොන්න
1079,පොන්න
1080,වල්
1081,පරයා
1082,පුක
1083,පුක
1084,රොම්බ
1085,ගොන්
1086,පර
1087,බල්ලො
1088,තො
1089,යකෝ
1090,රෙද්ද
1091,උස්සන්
1092,පොන්නයෝ
1093,පොන්න
1094,තොපි
1095,ගොබ්බයෝ
1096,තොපි
1097,අවජාතක
1098,හැත්ත
1099,බිජ්ජ
1100,ලබ්බ
1101,ගොබ්බයන්ට
1102,තොපි
1103,තමුසෙ
1104,පිස්සා
1105,පුක
1106,පලයන්
1107,තෝ
1108,තෝ
1109,තෝ
1110,මැරිය
1111,බැල්ලි
1112,පලයම්
1113,තොට
1114,බෙබා
1115,ඌ
1116,හරකෙක්
1117,ඌව
1118,තෝ
1119,පුකෙත්
1120,හුත්ත
1121,බිජ්ජ
1122,ලබ්බ
1123,මිරිකන්න
1124,ගොන්
1125,තඩියෙක්
1126,හරකා
1127,කැහුටු
1128,බැල්ලියක්
1129,නාකි
1130,හීරලුවෙක්
1131,පුක
1132,පර
1133,බල්ලෝ
1134,බල්ලෝ
1135,අයිසෙ
1136,මොංගල්
1137,මොංගල්
1138,බිජ්ජ
1139,පොංනයෙක්
1140,රෙද්ද
1141,පල්ලෙන්
1142,බේරෙනවා
1143,අවජාතක
1144,පිම්පි
1145,බඩුවකගේ්
1146,ලබ්බ
1147,නොට්ටිගේ
1148,නොට්ටිගේ
1149,නොදකින්
1150,ලබිබටම
1151,හුජ්ජ
1152,ගූ
1153,බඩුව
1154,බඩුව
1155,තම්බි
1156,චූ
1157,බිජ්ජ
1158,අහවල්
1159,එක
1160,පර
1161,හැත්ත
1162,අවජාතික
1163,සක්කිලි
1164,හැත්ත
1165,තෝ
1166,තෝ
1167,කෙල
1168,තොල්ලා
1169,යකෝ
1170,බඩු
1171,කාරයා
1172,ගෝතයා
1173,පොන්න
1174,නාකියෝ
1175,කුණුවෙලා
1176,මැරෙනවා
1177,තප්පුලනවා
1178,අඩෝ
1179,පොන්නයා
1180,තෝ
1181,පල
1182,දැන්
1183,ගස්
1184,නරිය
1185,කිම්බ
1186,පකේ
1187,තොපි
1188,හුජ්ජ
1189,වේස
1190,පුකේ
1191,ඇරගන්න
1192,පුකේ
1193,ඇරලදෙනවා
1194,පුකේ
1195,ඇරගන්න
1196,මෝඩ
1197,බයියෙක්
1198,තම්බියෙක්
1199,ගොන්
1200,සක්කිලි
1201,හාල්පාරු
1202,මීහරක්
1203,සක්කිලි
1204,තොපිලවගේ
1205,සක්කිලි
1206,මැරිලයන්නඔ්න
1207,හැතිකරේ
1208,තොට
1209,ගොං
1210,වස්සියෙ
1211,පල
1212,පොන්න
1213,වේසිගේ
1214,පුතා
1215,තුප්පැහි
1216,තෝ
1217,සක්කිලි
1218,බල්ලා
1219,පකෝ
1220,තෝ
1221,ගොන්ජා
1222,බිජ්ජ
1223,පකෝ
1224,සක්කිලියා
1225,සමනලයා
1226,වල්
1227,ඌරා
1228,හරකා
1229,හරකා
1230,සක්කිලි
1231,අවජාතක
1232,වේ
1233,ලබ්බ
1234,උත්ටෝ
1235,හිරිකිතයි
1236,හුකන
1237,යකෝ
1238,මෝඩ
1239,කියපන්
1240,බැල්ලි
1241,පොන්න
1242,පකෙක්
1243,තො
1244,සම
1245,හරක්
1246,ප
1247,තූ
1248,නොදකින්
1249,වල්
1250,පරයා
1251,තොපි
1252,හැඳි
1253,ගෑවිලා
1254,පලයන්
1255,මීහරකුන්
1256,හොරෙක්
1257,පිංගුත්තරයෝ
1258,සාප
1259,ගස්බල්ලෝ
1260,නොදකින්
1261,දාර
1262,පොන්නයෙක්
1263,බල්ලෙක්ට
1264,ජාතක
1265,වෙච්ච
1266,පරයෙක්
1267,පකෝ
1268,හුත්ත
1269,වේසියෙක්
1270,රෙන
1271,පුක
1272,පොන්න
1273,පකෝ
1274,අලිපුකෙන්
1275,පක්
1276,ටවුකන්න
1277,හුජ්ජ
1278,මෝඩ
1279,හරක්
1280,හුජ්ජ
1281,ලබ්බ
1282,පකයෝ
1283,පකයන්ට
1284,පකෝ
1285,වේසිගෙ
1286,නොදකින්
1287,උබ
1288,තො
1289,තොට
1290,නාකි
1291,ලොක්කෙක්
1292,ඕකුන්
1293,රෙද්ද
1294,අස්සෙ
1295,සාප
1296,පොන්න
1297,වේසිගේ
1298,ඇට
1299,නොදකින්
1300,පොන්නයෝ
1301,රෙද්ද
1302,තු
1303,නොදකින්
1304,තොගෙ
1305,පඩික්කම්
1306,මුඛය
1307,තෝ
1308,පරට්ටි
1309,තෝ
1310,හුජ්ජ
1311,මෝඩ
1312,හැත්ත
1313,පන්සි
1314,ලක
1315,ලන්සි
1316,පක
1317,පාරු
1318,උක
1319,ඌරු
1320,පක
1321,පමල
1322,දෙක
1323,දෙමල
1324,පක
1325,පලා
1326,රික
1327,රිලා
1328,පක
1329,ගෝතයෙක්
1330,හුකන
1331,හුත්ත
1332,පකේ
1333,ටෞකන්ඩ
1334,තොපේ
1335,හුත්තො
1336,අවජාතක
1337,පොන්න
1338,හුකන්න
1339,නොදකින්
1340,පොන්නයා
1341,පල
1342,පොන්න
1343,පොන්නයො
1344,කාලකන්නි
1345,හුත්තිගෙ
1346,සරමේ
1347,පිහියදැමිමා
1348,පුකේ
1349,මුසලයා
1350,තුහ්
1351,නොදකින්
1352,පුපුරල
1353,මැරියං
1354,පකෙන්තුවන්ට
1355,ලබ්බක්
1356,කැහුට්ටු
1357,ගොන්
1358,ගෙම්බා
1359,බඩුවක්
1360,කිම්බ
1361,හපලා
1362,උරලා
1363,පුකේ
1364,හිලත්
1365,කැරි
1366,හුකන්න
1367,අයිසෙ
1368,තට්ට
1369,ජංගිය
1370,පයිය
1371,කිම්බ
1372,ගොන්
1373,ලබ්බො
1374,ලොවින්න
1375,අවජාතකයෝ
1376,අවජාතක
1377,හැත්ත
1378,දීපන්
1379,ලමයෙක්ට
1380,කැරියො
1381,කැරියෙක්
1382,කැරියෙක්
1383,හුක්කුං
1384,තෝ
1385,පොයිය
1386,හුජ්ජ
1387,ගොඩේ
1388,බඩගෝස්තර
1389,හැත්ත
1390,තොපි
1391,කාලකන්නි
1392,හැතිකරේ
1393,මූසල
1394,හැත්ත
1395,කාලකණ්ණි
1396,යකෝ
1397,ගොනා
1398,පිස්සා
1399,කාලකණ්ණි
1400,හුත්තො
1401,තොගෙ
1402,පුක
1403,පුක
1404,ගොනා
1405,හකරා
1406,ගෙම්බා
1407,තඩියා
1408,තට්ටයා
1409,කොන්ඩයා
1410,පයිය
1411,නගින්නෙ
1412,නැති
1413,හුකා
1414,හුකන්ඩ
1415,කෑලි
1416,බඩුව
1417,හැමිනෙන්න
1418,බහුකාපන්
1419,කැරි
1420,වෙසී
1421,ගොන්
1422,ආතල්
1423,වහුතු
1424,හැතිකරේ
1425,සිපයියො
1426,තෝ
1427,පල
1428,පකිස්තාන්පොන්නයෝ
1429,හුජ්ජ
1430,පරයා
1431,ගොන්නුනේ
1432,නොදකින්
1433,පලයංකෝ
1434,සක්කිලි
1435,කිම්බ
1436,තොගෙ
1437,කිබි
1438,හුත්තක්
1439,කාලකණ්ණි
1440,තුප්පහි
1441,සක්කිලි
1442,මැරෙන්න
1443,හෙන
1444,ගහපියවු
1445,තොපිට
1446,තමුසෙ
1447,අවජාතක
1448,මොංගල්
1449,ගල
1450,ගෑණිගේ
1451,ගල
1452,පකෝ
1453,ගූ
1454,බල්ලා
1455,උඹේ
1456,අම්ම
1457,වේස
1458,බල්ලා
1459,තෝ
1460,බල්ලෝ
1461,හුජ්ජ
1462,කරනවා
1463,ලැජ්ජයි
1464,බොලව්
1465,තොපි
1466,කැරි
1467,නර
1468,තොපි
1469,වඳ
1470,කොත්තු
1471,ඌරු
1472,පුකට
1473,තොත්තු
1474,පොන්න
1475,හැත්ත
1476,පකෝ
1477,තොට
1478,මෝල
1479,කර
1480,පකෝ
1481,මෝඩ
1482,යක්කු
1483,පකෝ
1484,හැමිනෙන්න
1485,පිස්සො
1486,යකෝ
1487,යකෝ
1488,යකෝ
1489,හෙන
1490,ගහන්න
1491,තු
1492,නොදකින්
1493,පොන්නයෙක්
1494,හුත්ත
1495,ගෙම්බන්පිල
1496,බලු
1497,බූරු
1498,රැලක්
1499,ඌරා
1500,ගොනා
1501,හරකා
1502,මෝඩයා
1503,පිස්සු
1504,නාකියෙක්
1505,පකෙක්ට
1506,වල්
1507,බැල්ලියෝ
1508,හුත්ත
1509,හුත්ත
1510,කිම්බෙ
1511,පයිය
1512,තෝ
1513,මල
1514,ලබ්බ
1515,මැටි
1516,කැරියා
1517,හුකන්නා
1518,පොන්නයා
1519,පකයා
1520,හුකන්නා
1521,කැරියා
1522,හුත්ති
1523,හුත්තී
1524,හුත්තී
1525,බැල්ලී
1526,අවජාතක
1527,ගූ
1528,රෙද්දක්
1529,කොලු
1530,සින්
1531,ගොන්
1532,ගෑණියෙක්
1533,පරයො
1534,පක
1535,ගූපුච්චන්
1536,කන
1537,පකේ
1538,ජාතිවාදී
1539,හුත්ත
1540,පකයෝ
1541,ගල්
1542,මූසලී
1543,පරට්ටයන්ව
1544,තෝ
1545,මැරිය
1546,තො
1547,ගේ
1548,උබට
1549,බිජ්ජක්
1550,නෑ
1551,මෝඩ
1552,ආතල්
1553,පුක
1554,හුත්තො
1555,වසලයා
1556,අවජාතකයා
1557,සතා
1558,තොට
1559,ඔල්මාද
1560,පිස්සා
1561,වේසිගෙ
1562,හෙන
1563,බලු
1564,බැල්ලි
1565,බැල්ලි
1566,බැල්ලියෝ
1567,බැල්ලිගේ
1568,රෙද්දෙ
1569,රෙද්දෙ
1570,හෙන
1571,ගහනවා
1572,යකෝ
1573,තොපේ
1574,නෙදකින්
1575,කාලකණ්ණි
1576,හැත්ත
1577,කාලකණ්ණි
1578,පොන්න
1579,ගෑනුටික
1580,ගණිකා
1581,සේවයේ
1582,හැමිනෙන්න
1583,හැමිනෙන්න
1584,මෝඩ
1585,පර
1586,හැත්ත
1587,සක්කිලි
1588,සක්කිලි
1589,ගොන්
1590,හැත්ත
1591,තොට
1592,බිජ්ජ
1593,කපලා
1594,මූසල
1595,බල්ලො
1596,කාලකන්නිකමකට
1597,ගොන්
1598,බිජ්ජෙක්
1599,හුත්ත
1600,හුත්තක්
1601,අවජාතක
1602,අවජාතකයො
1603,ගෙරි
1604,බල්ලා
1605,තූ
1606,නෙද්දකින්
1607,වල්
1608,වනචර
1609,පරට්ට
1610,හැත්ත
1611,බුරුත්ත
1612,පයිය
1613,ලබ්බ
1614,තෝ
1615,මැරෙන
1616,මෝඩයෝ
1617,මෝඩ
1618,හැත්ත
1619,අවජාතක
1620,බල්ලො
1621,සක්කිලි
1622,පිස්සු
1623,හුක
1624,නොදකින්
1625,කාලකන්නි
1626,අපත
1627,හැත්ත
1628,කාලකන්නි
1629,කාලකන්නි
1630,සක්කිලි
1631,පට්ට
1632,බඩුවත්
1633,වේසිගේපුතේ
1634,තෝ
1635,පල
1636,බැල්ලි
1637,තෝ
1638,නොදකින්
1639,පර
1640,සුද්දෝ
1641,පර
1642,බැල්ලියේ
1643,මුසලයා
1644,ගෝත
1645,කරුම
1646,පුk
1647,කටට
1648,පුක
1649,පුක
1650,ගොන්
1651,ලොංත
1652,කාලකන්නි
1653,කැරි
1654,බල්ලෙක්
1655,රෙද්ද
1656,මොලේ
1657,අමාරුකාරයෙක්
1658,පුක
1659,පොන්න
1660,පොන්නයෝ
1661,ගොං
1662,මෝඩ
1663,කිම්බ
1664,හුකනවා
1665,පයිය
1666,කෙලින්
1667,හෙන
1668,කාලකන්නි
1669,හුත්ත
1670,ඒකි
1671,නාකියිද
1672,හුත්තෙක්
1673,පිස්සා
1674,පිස්සා
1675,ගෙම්බා
1676,පුකවල්
1677,ගෑනු
1678,හැතිරි
1679,ගහනව
1680,තොට
1681,වැලි
1682,තොපි
1683,තොපේ
1684,සාප
1685,කරයි
1686,තොපිට
1687,තොට
1688,පට්ට
1689,වේසි
1690,තෝ
1691,පල
1692,තොට
1693,තොපේ
1694,ගොබ
1695,හැත්ත
1696,වල්
1697,බැල්ලි
1698,තොට
1699,වේස
1700,හුකන්නොන්ට
1701,තොපේ
1702,නාකි
1703,විසේ
1704,හුජ්ජ
1705,ටහුකන්න
1706,අඩේ
1707,පරයා
1708,තොපේ
1709,තොපේ
1710,පුකද
1711,පුකෙන්
1712,ගූ
1713,හරකා
1714,චීත්ත
1715,කෑල්ල
1716,හුකන්නෙක්
1717,ගොන්
1718,අනුන්ගෙ
1719,සයිස්
1720,කෙලවුන
1721,පඩයක්
1722,පඩයක්
1723,පඩයක්
1724,බහුජ්ජ
1725,බිජ්ජ
1726,කපල
1727,යකෝ
1728,හුජ්ජ
1729,පකෝ
1730,රෙද්දේ
1731,නොදකින්
1732,මුසලයා
1733,අතේ
1734,ගහන
1735,හුජ්ජ
1736,කාලකණ්ණි
1737,වැදියාආආආආන්
1738,පට්ට
1739,බැල්ලී
1740,හැත්ත
1741,හුත්තෝ
1742,අසික්කිතම
1743,දෙශපාලුවෙක්
1744,පාපතර
1745,හැත්තක්
1746,හිගන්නෝ
1747,පකෝ
1748,තෝ
1749,තෝ
1750,පුක
1751,ලෙවකන
1752,වහලෙක්
1753,පකෝ
1754,කාලකණ්ණි
1755,නාකි
1756,විසේ
1757,බලු
1758,වේසි
1759,වයිරී
1760,ගූ
1761,හිල
1762,මෝඩ
1763,පකීර්
1764,පච
1765,මෝඩ
1766,හරකා
1767,නොදකින්
1768,පකිස්
1769,බූරුවා
1770,මුංට
1771,පුකෙත්
1772,පොන්න
1773,පකෙක්
1774,බල්ලො
1775,කාලකණ්ණි
1776,ටහුඩු
1777,මේකි
1778,පොන්න
1779,ගොබ්බ
1780,නපුර්සක
1781,රැල
1782,පකෝ
1783,ජංගි
1784,හුත්තෝ
1785,පකෝ
1786,තෝ
1787,හොම්බට
1788,නොදකින්
1789,කාලකණ්ණි
1790,නොදකින්
1791,බූරුවෙක්ට
1792,ලිස්සා
1793,වැටීයන්
1794,කෙල
1795,වී
1796,බල්ලෙක්
1797,තොපි
1798,මැරීයන්
1799,ගිනිපුක්
1800,ගාය
1801,ලබ්බන්ටයි
1802,මෝඩ
1803,බඩුව
1804,හෙලුව
1805,ගොන්
1806,වානරයෝ
1807,ගොන්
1808,හරකා
1809,නොදකිං
1810,කාලකණ්ණි
1811,පරයෝ
1812,හුත්තො
1813,ඌගෙ
1814,ඌ
1815,ඌට
1816,බොලාගෙ
1817,ලබ්බ
1818,කහන්නෙ
1819,පුක
1820,ගොන්
1821,හැත්තගේ
1822,ගොන්
1823,හරකා
1824,පේන්න
1825,බෑ
1826,පොන්න
1827,සිපයියා
1828,ගූ
1829,බට්ටෙකු
1830,උපන්
1831,කැත
1832,හුජ්ජ
1833,කොල්ලො
1834,තොපි
1835,හුජ්ජ
1836,ගොං
1837,හැත්ත
1838,පොන්න
1839,සිඟිති
1840,කොල්ලෝ
1841,හුකන්නා
1842,කාලකන්නියා
1843,මි
1844,හරක්
1845,යකෝ
1846,පොන්න
1847,හුත්තා
1848,කැරිමලයිස්
1849,කිම්බ
1850,ඌට
1851,හෙන
1852,හුජ්ජ
1853,කරලා
1854,හුජ්ජ
1855,ගොං
1856,රෙන්න
1857,පිස්සු
1858,හිටං
1859,රංගොන්ජා
1860,කරුපයියා
1861,වේසි
1862,නොදකින්
1863,හුත්තෝ
1864,අහවල්
1865,කාලකණ්ණි
1866,මරි
1867,මෝඩ
1868,හුජ්ජ
1869,හුජ්ජ
1870,සාප
1871,හුත්තො
1872,තොපෙ
1873,පුක
1874,තොට
1875,ගහනව
1876,දැනගනින්
1877,කාලකණ්ණි
1878,කාලකණ්ණි
1879,කාලකණ්ණිම
1880,පකෝ
1881,පුක
1882,පුක
1883,ඇට
1884,දෙකෙන්
1885,ටෞකන්ඩ
1886,යකෝ
1887,බබාහුකුම්
1888,ෆොන්න
1889,පාණ්ඩුව
1890,අම්මට
1891,හුකන්න
1892,හුත්තක්ද
1893,කිම්බ
1894,අම්මලට
1895,හුකලා
1896,පක
1897,ගොන්
1898,හරකෙක්
1899,මෝඩ
1900,මූසලයෙක්
1901,මෝඩයා
1902,හරකා
1903,නාකි
1904,ගෑනුන්ට
1905,වේසි
1906,පට්ට
1907,බූරුවෙක්ද
1908,හුජ්ජ
1909,ගස්
1910,බැල්ලි
1911,වේ
1912,පුපයි
1913,පිම්පිය
1914,තඩි
1915,අවජාතක
1916,පජාත
1917,තූ
1918,ලබ්බ
1919,පකෝ
1920,කුහක්
1921,හැත්ත
1922,පොන්න
1923,හැත්ත
1924,මෝඩ
1925,යක්කු
1926,පුක
1927,තුක්
1928,නොදකින්
1929,මුසලයා
1930,කිම්බ
1931,හුත්තක්ද
1932,පොන්න
1933,මහ
1934,කැත
1935,වැඩක්
1936,රෙද්දෙ
1937,රෙවිලා
1938,අවජාතක
1939,ජඩ
1940,පකෝ
1941,අනේ
1942,හුකේ
1943,නන්නානේ
1944,පොන්නයො
1945,ගොබ්බ
1946,හැත්ත
1947,මෝඩ
1948,පුක
1949,බහුජ්ජ
1950,පාහර
1951,හැත්ත
1952,හෙනම
1953,මෝඩ
1954,කැත
1955,හුකහන්
1956,පකෝ
1957,බඩු
1958,තොපි
1959,හුකම්නලා
1960,පුකෙන්
1961,හිනාවෙනව
1962,තමුසෙ
1963,තමුසෙ
1964,තමුසෙත්
1965,තමුසෙ
1966,බොරුකාර
1967,මී
1968,හරකා
1969,පිස්සුද
1970,ගෑණියේ
1971,කුහක
1972,යක්කු
1973,ජංගි
1974,ගූ
1975,යෝනියකටද
1976,තිරිසනෝ
1977,රෙද්ද
1978,බුදිය
1979,නොදකින්
1980,රෙද්දවල්
1981,අඩු
1982,කුලේ
1983,පර
1984,හැත්ත
1985,ගොන්
1986,වේසිගෙ
1987,බැල්ලි
1988,නාකි
1989,හිඟන
1990,ගොන්
1991,හැත්ත
1992,බැල්ලි
1993,බල්ලා
1994,බැල්ලියෙක්
1995,බල්ලා
1996,බිජ්ජො
1997,වේසි
1998,අමු
1999,කුණුහරප
2000,කාලකණ්ණි
2001,පල
2002,සාප
2003,හැදිම
2004,ගෑවියෝ
2005,රෙද්ද
2006,කාලකණ්ණි
2007,කාලකණ්ණි
2008,ගෝතය
2009,පකෝ
2010,තෝ
2011,පොන්න
2012,පුක
2013,පුක
2014,රෙන
2015,පුක
2016,හුකේ
2017,කිම්බ
2018,සුදු
2019,හිකිනත්
2020,පිහියකින්
2021,අනින්න
2022,මෝඩයො
2023,යකෝ
2024,උඹ
2025,පරට්ට
2026,බැල්ලි
2027,පකේ
2028,හරක්
2029,නොදකින්
2030,හුජ්ජ
2031,බිජ්ජ
2032,පුක
2033,පඩ
2034,ගූ
2035,දේශපාලුවෝ
2036,හුත්තො
2037,කට
2038,කන්න
2039,තොට
2040,හෙන
2041,ගහනවා
2042,ලබ්බ
2043,බැසීම
2044,නොදකිං
2045,තෝ
2046,පුක
2047,නොදී
2048,පලයං
2049,බූරුවෙක්නෙ
2050,තොපි
2051,ශාපයක්
2052,පොන්නයො
2053,අවජාතක
2054,හැත්ත
2055,නෙලපියව්
2056,පකෝ
2057,බිජ්ජ
2058,බඩුම
2059,පුක
2060,තොපි
2061,හැමිනුනාම
2062,පකද
2063,කාලකන්නි
2064,කාලකණ්ණි
2065,තොපි
2066,තොපි
2067,තු
2068,නොදකින්
2069,වේසියෝ
2070,සක්කිලි
2071,පකෝ
2072,තෝ
2073,කුක්කු
2074,බිලිංජා
2075,වේස
2076,සක්කිලියෙක්ගේ
2077,රෙදි
2078,ගැලෙව්වා
2079,ගොන්
2080,ගොබ්බ
2081,මැටිමෝල්ලු
2082,හෙන
2083,කෑල්ල
2084,ලෙවකාගෙන
2085,වහල්
2086,හැත්ත
2087,අපතයෙක්
2088,මුන්
2089,හොරු
2090,ගොන්
2091,රෑළක්
2092,උන්
2093,මී
2094,හරක්
2095,පකෝ
2096,තොගෙන්
2097,කථානයකයො
2098,තොට
2099,ගොං
2100,හැලපයා
2101,නාකි
2102,කාලකණ්ණි
2103,මුසලයා
2104,හුජ්ජ
2105,පුක
2106,පුක
2107,බැල්ලි
2108,සක්කිලි
2109,කාලකණ්ණි
2110,තෝවගේ
2111,මෝඩ
2112,මුසලයෙක්
2113,මී
2114,හරකෙක්
2115,පිස්සා
2116,පුක
2117,පස්සෙ
2118,සක්කිලි
2119,පුක
2120,පුක
2121,පුක
2122,ගොන්
2123,කාලකණ්ණි
2124,හුත්තෝ
2125,තෝ
2126,හුජ්ජ
2127,මව
2128,සක්කිලි
2129,බලු
2130,නෙට්වක්
2131,වේසි
2132,අලුගුත්තේරු
2133,හරකා
2134,බූරු
2135,ගොන්
2136,කාලකණ්ණි
2137,බේබදු
2138,කුහක
2139,නොසන්ඩාල
2140,අපත
2141,අමනයා
2142,කබ්බ
2143,දාල
2144,හුජ්ජ
2145,කරලා
2146,පිස්සු
2147,පිස්සු
2148,වහල්
2149,පොන්න
2150,වේස
2151,කැරි
2152,හුකන
2153,හුත්තිගෙ
2154,හුකන්න
2155,පකයෙක්
2156,ජංගිය
2157,ඇට
2158,පයිය
2159,පල
2160,ඩෝ
2161,අඩු
2162,කුලේ
2163,පර
2164,හැත්ත
2165,පකයින්ට
2166,කාලකණ්ණි
2167,අවජාතක
2168,බැල්ලියෙක්
2169,පුක
2170,සක්කිලි
2171,ටෞකන්ඩ
2172,පුක
2173,පකෝ
2174,පුක
2175,අවජාතක
2176,සමනල
2177,පොන්නයා
2178,නොදකින්
2179,පයිය
2180,පුක
2181,ලබ්බ
2182,පොන්නසේකාගේ
2183,අවජාතක
2184,පට්ට
2185,බැල්ලි
2186,තොට
2187,මූණ
2188,තඩි
2189,ගෑණි
2190,කැරි
2191,පොන්න
2192,හැත්තට
2193,ගොන්නු
2194,පොන්න
2195,පකයාගේ
2196,පට්ට
2197,වේසි
2198,තොපිලා
2199,නපුන්සක
2200,ගොං
2201,පොන්නයා
2202,මකබෑවිලා
2203,තූ
2204,ගල්
2205,බමුණා
2206,අවජාතක
2207,පයිය
2208,පුක
2209,පුක
2210,කැඩිච්ච
2211,තෝ
2212,මූ
2213,මහ
2214,අමන
2215,පාදඩ
2216,තුප්පහි
2217,සක්කිලි
2218,අවජාතක
2219,තිරිසන්
2220,හොරෙන්
2221,පර
2222,බල්ලා
2223,තෝ
2224,තු
2225,හ්
2226,නොදකින්
2227,කුහකයන්ට
2228,දෙකයි
2229,පනහේ
2230,සිපයියන්ගේ
2231,තෙප්පිලි
2232,තොගේ
2233,බිජ්ජ
2234,බඩ්ඩක්
2235,සිපයියෙක්
2236,නෙද්දකිං
2237,මෝඩ
2238,ගොන්
2239,පයියෝ
2240,හරක්ගේ
2241,පකෝ
2242,ගොන්
2243,පානවා
2244,අහවල්
2245,එකක්
2246,තීද
2247,බලපන්
2248,සක්කිලි
2249,කම
2250,ගොබ්බ
2251,හැත්තක්
2252,නදෝමකින්
2253,තොපි
2254,හාවා
2255,නොදකින්
2256,වල්
2257,හාවා
2258,ගොන්
2259,බිජ්ජන්
2260,තොගෙ
2261,වේසි
2262,පකෝ
2263,බලු
2264,හරකා
2265,බිජ්ජෙ
2266,ඇටදෙකේ
2267,රෙන
2268,පුකට
2269,තොපි
2270,සාපයක්
2271,යකෝ
2272,තොපි
2273,සාපයක්
2274,පයිය
2275,හුත්තිගෙ
2276,පුතාලා
2277,හුකේ
2278,උබලගෙ
2279,පොන්න
2280,තෝ
2281,ගැඩවිල්
2282,හෙන
2283,ගහපං
2284,මැරිලා
2285,වැටියං
2286,බිජ්ජ
2287,හැලිලා
2288,බිජ්ජට
2289,බැල්ලි
2290,පට්ට
2291,වේසි
2292,නෙදකින්
2293,භූගත
2294,බල්ලා
2295,හුකාපං
2296,පොන්න
2297,වේසිගේ
2298,පුතා
2299,තෝ
2300,පොන්න
2301,වේසිගෙ
2302,පුතෝ
2303,කැරි
2304,බල්ලා
2305,තෝ
2306,පකෝ
2307,තෝ
2308,තොට
2309,සයිකොද
2310,යකෝ
2311,ගල්කෙප්ප
2312,ලංසි
2313,බඩුවක්
2314,ඇට
2315,දෙක
2316,කොන
2317,කපපු
2318,නොදැකින්
2319,කාලකන්නි
2320,අවජාතක
2321,බල්ලෝ
2322,අවජාතක
2323,බල්ලෝ
2324,කිම්බ
2325,ගෙරි
2326,නානෝ
2327,තොපි
2328,තු
2329,කාලකණ්ණි
2330,බිජ්ජ
2331,නාකි
2332,මැදමුලනයා
2333,අවජාතකයා
2334,තමුසෙත්
2335,පොන්න
2336,කැරි
2337,වදයක්නෙ
2338,හුකා
2339,හැමිනිච්ච
2340,තොපිට
2341,හෙන
2342,ගහනවා
2343,සක්කිලි
2344,නාකි
2345,ගොබ්බ
2346,ලබ්බවල්
2347,තෝ
2348,පලයන්
2349,මැරියං
2350,තෝ
2351,ලබ්බා
2352,උඹ
2353,උඹ
2354,හුකපං
2355,පට්ට
2356,හොරෙක්
2357,පට්ට
2358,තෝ
2359,බිජ්ජො
2360,තෝ
2361,ඇටයක්
2362,හැම
2363,රෙද්දටම
2364,කට
2365,දානවා
2366,හුත්තෝ
2367,හුත්තී
2368,හුත්තක්
2369,හුත්තක්
2370,පිම්පියො
2371,අහිකුණ්ටිකයො
2372,පරයො
2373,සක්කිලි
2374,ලබ්බකටද
2375,හුකාගන්නෙ
2376,සක්කිලි
2377,සක්කිලියෙක්
2378,පකයලා
2379,පකයලා
2380,ලබ්බෙ
2381,බල්ලො
2382,බලල්ලු
2383,කාලකණ්ණි
2384,නාකි
2385,කිම්බ
2386,බැල්ලි
2387,සාපලත්
2388,හැත්ත
2389,සක්කිලි
2390,හැත්තගේ
2391,පුකේ
2392,මුද්දර
2393,රෙද්ද
2394,ගැලවේ
2395,පිස්සුදෝත්තෝ
2396,පකෝ
2397,අසික්කිතය
2398,මූ
2399,මූ
2400,තොපිත්
2401,ලබ්බක්
2402,තුක්
2403,නොදකින්
2404,තූ
2405,තූ
2406,හුජ්ජ
2407,යන්නේ
2408,දෙමළ
2409,සක්කිලි
2410,බල්ලන්ව
2411,වේසකමේ
2412,උඹ
2413,බිජ්ජ
2414,උඹ
2415,ඌට
2416,හුජ්ජ
2417,බීපිය
2418,පාහරයා
2419,කැරි
2420,කැරියා
2421,වේස
2422,හුත්තා
2423,වේස
2424,හුත්තී
2425,පොන්න
2426,පකයා
2427,පොන්න
2428,කැරියා
2429,කැරි
2430,පොන්නයා
2431,පොන්න
2432,පකයා
2433,පකෝ
2434,තෝ
2435,ගොන්
2436,හුත්තෙක්
2437,වෙසිගේ
2438,පුතා
2439,තෝ
2440,සමහරක්
2441,ලබ්බටද
2442,යකෝ
2443,සක්කිලි
2444,කිම්බට
2445,හුකන්නම්
2446,පයිය
2447,පකෝ
2448,මෝඩ
2449,ඇබලයෝ
2450,පයිය
2451,පයිය
2452,ගොං
2453,වේසිගෙ
2454,තෝ
2455,පුක
2456,පකෝ
2457,ගැනියේ
2458,පල
2459,මෝඩ
2460,වෙසිගෙ
2461,තෝ
2462,ගූ
2463,පොන්න
2464,පකෝ
2465,අවජාතක
2466,නාකියායෝ
2467,ගොන්
2468,බිජ්ජෙක්
2469,රෙන්
2470,බලාපිය
2471,පොන්න
2472,කාලකන්ණියෙක්
2473,නොදකින්
2474,ගල්
2475,මුසලයා
2476,නරුමයෝ
2477,තොපි
2478,බඩුකාරයෙක්
2479,පකේ
2480,හුත්ත
2481,පුක
2482,පම්කුනේ
2483,වේසි
2484,ගොන්
2485,ගිලිනව
2486,හැමිනියන්
2487,පුකකට
2488,අවජාතක
2489,හුත්තල
2490,පකෙක්
2491,අසික්කිත
2492,තොට
2493,තෝ
2494,පල
2495,වල්
2496,පරයා
2497,තෝ
2498,පල
2499,මෝඩ
2500,මුසලයා
2501,පොන්නය
2502,තොට
2503,හෙනම
2504,ගහපිය
2505,කැ
2506,වේසි
2507,ලබ්බ
2508,පුක
2509,ශාප
2510,ශාප
2511,ශාපවේවා
2512,තොපි
2513,පලයල්
2514,රෙද්ද
2515,කිම්බ
2516,ගොන්
2517,මෝඩ
2518,යකා
2519,තොපි
2520,පොන්නයෙක්
2521,පොන්නයෝ
2522,සිපයියන්
2523,පක
2524,පක
2525,ලබ්බන්ට
2526,අවජාතක
2527,බැල්ලියොත්
2528,කරුමයක්ද
2529,හුයන්නකුත්
2530,පිස්සා
2531,තොට
2532,තොගේ
2533,පක්
2534,සක්කිලි
2535,පක
2536,වේසි
2537,පුතාලා
2538,හුත්තෝ
2539,පලයව්
2540,තොපි
2541,හෙනේ
2542,වල්
2543,වලා
2544,වලා
2545,පක
2546,හුකනවා
2547,අන්තවාදියන්ව
2548,එලවන්න
2549,ඕන
2550,බැල්ලි
2551,බැල්ලියෝ
2552,හුජ්ජ
2553,වේසකම්
2554,වෙX
2555,වේXගෙ
2556,පුතා
2557,තුප්පහි
2558,සක්කිලි
2559,වේස
2560,බඩුව
2561,යකෝ
2562,තොපේ
2563,කුනු
2564,කිම්බවල්
2565,පලයං
2566,හම්බයෙක්
2567,යකෝ
2568,බැල්ලි
2569,පක
2570,කිම්බ
2571,වේසි
2572,සාප
2573,පට්ට
2574,වේසි
2575,අම්මට
2576,හුකාපන්
2577,වේසි
2578,රට
2579,හරකා
2580,නොදැකින්
2581,කාලකන්නියා
2582,මුසලයා
2583,ගොං
2584,හැත්ත
2585,වේසිගෙ
2586,වේසිගෙ
2587,කටට
2588,දෙන්න
2589,උගුඩුවෝ
2590,හැත්ත
2591,බුරුත්තම
2592,පකෝ
2593,පොන්න
2594,නුගත්
2595,පකෝ
2596,පලයං
2597,අයිසෙ
2598,වඳයි
2599,රෙද්දක්
2600,හමුනන්න
2601,රෙද්ද
2602,පකටම
2603,පුකෙං
2604,පොන්න
2605,පැටවු
2606,වේසියක්
2607,කාලකන්නියා
2608,සැමන්
2609,බයියෝ
2610,බැසිලයා
2611,ගොන්
2612,බයියෝ
2613,ගොන්
2614,වේසි
2615,සක්කිලි
2616,වේසිගෙ
2617,පුතාල
2618,රෙද්ද
2619,පොන්න
2620,චීත්ත
2621,පුක
2622,නාකි
2623,රෙද්දක්
2624,හුජ්ජ
2625,රෙද්දේ
2626,පලයන්
2627,කැරි
2628,අවජාතක
2629,ඌරා
2630,පුක
2631,නොදකින්
2632,කාලකණ්ණි
2633,හෙණ
2634,තොපිට
2635,කෙරි
2636,බල්ලා
2637,නොදකින්
2638,තොට
2639,පලයන්
2640,පොන්න
2641,පකෙක්
2642,හුකෝලා
2643,ගොං
2644,පකයට
2645,හැමින්නෙන්න
2646,පකයා
2647,හුත්තා
2648,පොන්න
2649,සිපයි
2650,හුත්ත
2651,ලබ්බෙ
2652,හැත්ත
2653,හුකන
2654,අවජාතක
2655,පුක
2656,රෙන්ඩ
2657,නොදකින්
2658,ගොන්
2659,හැත්ත
2660,ශාප
2661,බිජ්ජ
2662,කපනව
2663,පොන්න
2664,පොන්සියා
2665,පක
2666,කැරි
2667,පකා
2668,තෝ
2669,තෝ
2670,තමුසෙගෙ
2671,බෙල්ල
2672,කපලා
2673,මරන්නෙ
2674,සක්කිලි
2675,හරක්
2676,හැත්ත
2677,කිම්බ
2678,පක
2679,පයිය
2680,හුත්ත
2681,හුත්තා
2682,හුත්තී
2683,පක
2684,පකයා
2685,ඌ
2686,පුක
2687,ටහුකන්ඩ
2688,පල
2689,වේසි
2690,හුකන්ඩ
2691,වේසියන්ට
2692,හෙන
2693,ගහන්නෙපැයි
2694,වල්
2695,පරයා
2696,තොපිට
2697,අවලම්
2698,බල්ලා
2699,තූ
2700,නොදකින්
2701,ජාතිවාදී
2702,උන්
2703,දේශපාලුවෝ
2704,වේස
2705,බල්ලෝ
2706,ගොන්
2707,හැත්ත
2708,පුකේ
2709,ගහන්
2710,බිජ්ජ
2711,කටේ
2712,තොම්පලේ
2713,පොන්නයා
2714,ලොන්තපෝල්
2715,ගොන්
2716,වේසි
2717,පඳුරු
2718,ගොනා
2719,පුක
2720,ඉරන්
2721,හුත්ත
2722,පෙරේත
2723,හැත්ත
2724,නොදකින්
2725,කාලකන්නි
2726,බල්ලා
2727,සක්කිලි
2728,ගෑණියෙක්
2729,ගෑණියෙක්
2730,තෝ
2731,පට්ට
2732,ගෑණි
2733,පරගෑණුන්ට
2734,වහල්භාවය
2735,මුඩුක්කු
2736,සක්කිලි
2737,සක්කිලි
2738,පුකේ
2739,ගොන්
2740,පකයිලා
2741,නොදකින්
2742,කාලකණ්ණි
2743,හුත්ත
2744,හුකමො
2745,පයියෙං
2746,පුකෙං
2747,ගොං
2748,බිජ්ජන්ට
2749,හු
2750,තොට
2751,පලයන්කෝ
2752,නොදකින්
2753,පරට්ටි
2754,මූසලයි
2755,නොදකින්
2756,තොපි
2757,පකයල
2758,පුකේ
2759,පකෝ
2760,තෝ
2761,කැරි
2762,වස්තියා
2763,ගොන්
2764,මූසලයා
2765,ගොනා
2766,මෝඩ
2767,කටක්
2768,ලබ්බ
2769,පරට්ට
2770,කොටියා
2771,අම්මගෙර්
2772,හුත්ත
2773,පලයන්
2774,යකෝ
2775,රෙද්ද
2776,බෙබදු
2777,බල්ලෙක්
2778,බැල්ලි
2779,පයිය
2780,කපනවයි
2781,මුං
2782,පයිය
2783,පුක
2784,වේසිගෙ
2785,පුතාව
2786,පොන්න
2787,බල්ල
2788,පරයා
2789,තොටයි
2790,තොගේ
2791,හෙන
2792,තොපි
2793,පිස්සු
2794,ගොන්
2795,පල
2796,පකෝ
2797,පලයන්
2798,කෙල්ලේ
2799,මේවේසියන්ට
2800,වේසි
2801,වේසි
2802,නාකි
2803,බඩ
2804,තඩි
2805,හැකර
2806,කටුමාරිස්ලට
2807,බම්බුවක්ද
2808,තන්
2809,මූකලන්
2810,බස්සො
2811,අවජාතක
2812,වේසි
2813,හරකෙක්
2814,කලු
2815,වේස
2816,බැල්ලීගේ
2817,පුතෝ
2818,වල්පකයෙක්
2819,ලබ්බ
2820,වල්
2821,පරයා
2822,තොට
2823,ගල්
2824,වේසිගේ
2825,පුතෙක්
2826,ලබ්බ
2827,ලබ්බ
2828,පුකට
2829,හුත්තෝ
2830,තෝ
2831,ගොන්
2832,ගොන්
2833,හැත්ත
2834,ගොං
2835,බතලියක්
2836,රෙද්ද
2837,පුක
2838,පඩ
2839,වල්
2840,බැල්ලි
2841,තොට
2842,වල්
2843,බැල්ලි
2844,තොට
2845,හුජ්ජ
2846,කොල්ලො
2847,නෙදකින්
2848,පකයලා
2849,පස්ස
2850,පැත්ත
2851,මකබෑ
2852,වෙලා
2853,පලයවු
2854,තොපි
2855,රෙද්ද
2856,ලබ්බ
2857,bitches
2858,තෝ
2859,අවජාතක
2860,බල්ලෙක්
2861,ගොන්
2862,යකෝ
2863,බැල්ලි
2864,අවජාතක
2865,කලකනි
2866,ලබ්බ
2867,පු
2868,පරයා
2869,බල්ලා
2870,පුක
2871,හුකෙ
2872,පකෝ
2873,තෝ
2874,තූ
2875,යකෝ
2876,තොට
2877,පුකේ
2878,තොගේම
2879,පොන්න
2880,බොල
2881,අහවල්
2882,පොල්ල
2883,ගොං
2884,බයියන්ගෙ
2885,වේස
2886,බඩුවක්
2887,පලකො
2888,කාලකණ්ණි
2889,කාලකණ්ණි
2890,පෙරේතයා
2891,හුජජ
2892,බිජ්ජ
2893,හුජ්ජ
2894,මූසල
2895,හැත්ත
2896,මෝඩ
2897,වේස
2898,ගෑනු
2899,තෝ
2900,බඩුවක්
2901,තෝව
2902,පකෝ
2903,පුක
2904,පුක
2905,ගොන්
2906,නම්බොත්
2907,ඩබල්
2908,බල්ලා
2909,සිපයියෙක්
2910,වේසි
2911,හරක්
2912,හුත්ත
2913,පෙරේතයා
2914,හෙන
2915,ගහපන්
2916,ගල්
2917,මුසලයා
2918,යකෝ
2919,හුකන
2920,මෝඩ
2921,කැරිම
2922,කාලකණ්ණි
2923,වේසිගෙපුතාලා
2924,හුකන
2925,ගොනා
2926,හරකා
2927,කැරපොත්තා
2928,හිකනලා
2929,බස්සා
2930,ගෙම්බා
2931,ගොන්
2932,ගොන්
2933,හුත්ත
2934,එකේකෞත්තවල්
2935,පයිය
2936,හැත්ත
2937,මුන්ටත්
2938,කාලකණ්ණි
2939,වේසිගේ
2940,පොන්නයෙක්
2941,පම්කයා
2942,තෝ
2943,තොගෙ
2944,හෙන
2945,වල්
2946,බන්
2947,තොපෙ
2948,ගොන්
2949,පකේ
2950,තොපිම
2951,සක්කිලි
2952,කැරි
2953,වේසිගෙ
2954,හුකන්න
2955,අවජාතක
2956,මන්දමානසිකයින්
2957,පලයන්
2958,ගෝන්
2959,හරකා
2960,තෝ
2961,කරුමයක්
2962,තෝ
2963,කරුමයක්
2964,වේස
2965,වැඩ
2966,යකෝ
2967,තොපි
2968,ජරාම
2969,ජතියක්
2970,පො
2971,පො
2972,නොදකින්
2973,කාලකණ්නි
2974,හුජ්ජ
2975,පුක
2976,සක්කිලි
2977,සක්කිලි
2978,පිස්සා
2979,බයියො
2980,ගොන්
2981,පොන්න
2982,සක්කිලි
2983,කාපන්
2984,ගූ
2985,හිඟන
2986,වේසි
2987,අසික්කිතයි
2988,තෝ
2989,හරකා
2990,පකෝ
2991,පූස්
2992,රෙද්ද
2993,අස්සේ
2994,යකො
2995,බිජ්ජ
2996,වේස
2997,බූරුවො
2998,බූරුවො
2999,යකෝ
3000,තෝ
3001,නෙද්දකින්
3002,මෝඩ
3003,කම
3004,නුගත්
3005,වහලා
3006,හරකා
3007,කුපාඩි
3008,පල
3009,වේසි
3010,රෙද්ද
3011,උස්සං
3012,රෙද්ද
3013,උස්සන්
3014,හුකනවා
3015,පක්කො
3016,හෑයියා
3017,තෝ
3018,නොදකින්
3019,බල්ලා
3020,හුජ්ජ
3021,කාලකණ්නි
3022,ගොන්
3023,මෝඩ
3024,මුසලයෙක්
3025,පිස්සු
3026,ගොන්
3027,පරට්ට
3028,හුකන්නා
3029,අමු
3030,ගොන්
3031,හරක්
3032,යකෝ
3033,පලයන්
3034,පස්ස
3035,පුක
3036,හැමිනෙන්න
3037,ලබ්බකට
3038,පිස්සු
3039,යක්කු
3040,බිජ්ජ
3041,අවජාතක
3042,උගත්
3043,කමක්
3044,නැති
3045,ගොන්
3046,ගොන්
3047,සක්කිලි
3048,හැත්ත
3049,තොපිල
3050,ෆුකක්
3051,නොදකු
3052,තෝ
3053,බිජ්ජ
3054,බූරුවා
3055,ගොනා
3056,හරකා
3057,මීමා
3058,මී
3059,හරකා
3060,යකෝ
3061,ලැට්
3062,කටා
3063,ලබ්බකටද
3064,යකෝ
3065,තොපි
3066,පුකේ
3067,ඌ
3068,සිපයියෙක්
3069,අවජාතක
3070,බල්ලෝ
3071,පඩ
3072,සාප
3073,සාප
3074,පර
3075,හැත්ත
3076,පොන්නයො
3077,පයිය
3078,ගොන්
3079,වස්සෙක්
3080,යකො
3081,මෝඩ
3082,මුසලයෙක්
3083,යකො
3084,තුක්
3085,නොදකින්
3086,පල
3087,මල්
3088,පොන්නය
3089,කුනු
3090,හුත්තක්
3091,පක
3092,ජංගි
3093,තොගේ
3094,සක්කිලියා
3095,වේසියො
3096,තෝ
3097,තෝ
3098,තොපිට
3099,ගොබ්බන්ට
3100,කිම්බ
3101,පලයන්කො
3102,හුත්තො
3103,ගොං
3104,නාකි
3105,හම්පඩ
3106,උගුස්සගෙ
3107,කිම්බ
3108,යකෝ
3109,ගොං
3110,හැත්ත
3111,මැඩි
3112,වාහෙලා
3113,හැත්ත
3114,කාලකණ්ණි
3115,ගොලු
3116,වේසි
3117,කිම්බ
3118,පුප
3119,තෝ
3120,හරක්
3121,පකයෙක්
3122,පොන්නයෝ
3123,තෝ
3124,පොන්නයා
3125,තෝට
3126,ගොං
3127,වේසියෙ
3128,පට්ට
3129,වේසි
3130,තෝ
3131,ගඳ
3132,බල්ලෙක්
3133,පුකේඉදන්පිස්සු
3134,තෝ
3135,තෝ
3136,හුත්තෝ
3137,නොදකින්
3138,වලත්ත
3139,ලබ්බක්ද
3140,කොළුකාරයගෙ
3141,පුක
3142,හුත්තක්
3143,බැල්ලියෝ
3144,පස්ස
3145,ලබ්බ
3146,හුත්තෝ
3147,ලබ්බ
3148,තො
3149,තෝ
3150,තෝ
3151,හිටපිය
3152,මරනවා
3153,තන්
3154,හුජ්ජ
3155,කක්කි
3156,බර
3157,යකෝ
3158,පස්ස
3159,කක්කුසියේ
3160,සක්කිලි
3161,නොදකින්
3162,කෙලින
3163,කාලකණ්ණි
3164,බිජ්ජ
3165,ගොං
3166,බල්ලො
3167,තොගෙ
3168,පුකේද
3169,ගොං
3170,නාම්බෝ
3171,භල්ලෝ
3172,කාලකණ්ණි
3173,මැරිල
3174,පලයන්
3175,කාලකණ්ණි
3176,නූගත්තු
3177,හුජ්ජ
3178,කොල්ලෙක්ලු
3179,වේස
3180,පයිය
3181,ටෞකන
3182,අම්බරුවෝ
3183,පල
3184,මුසලයා
3185,පුක
3186,සක්කිලි
3187,සක්කිලි
3188,බල්ලට
3189,පුක
3190,අවලං
3191,හැත්ත
3192,ලබ්බද
3193,වල්
3194,කැත
3195,ලබ්බවල්
3196,කියවපන්
3197,පයිය
3198,පොන්න
3199,හැතිකරය
3200,තොපි
3201,තොපි
3202,තෝ
3203,තොපි
3204,ගොං
3205,මහ
3206,හරක්
3207,උඹලා
3208,පස්ස
3209,ලෙවකන
3210,ගොංවංශ
3211,ගොංමංපිල
3212,පොන්නයෝ
3213,පුක
3214,තැරි
3215,දාර
3216,බිජ්ජ
3217,බිජ්ජේ
3218,බඩුවක්
3219,හුත්තො
3220,තෝ
3221,තොට
3222,පුක
3223,වේසිගේ
3224,පව්කාර
3225,හැත්ත
3226,කැ
3227,වේ
3228,පුතා
3229,බිජ්ජේ
3230,හුත්ත
3231,පකේ
3232,ලොන්ත
3233,පකඩයෝ
3234,කාලකණ්ණිකම්
3235,තොපිලට
3236,හෙන
3237,යකෝ
3238,හෙන
3239,යකෝ
3240,බඩු
3241,ගහද්දි
3242,උත්තෝ
3243,පුක
3244,ඇමිණින්න
3245,සමනල්
3246,පොන්නයෝ
3247,තෝ
3248,පොන්නයා
3249,තොගේ
3250,පොන්නකම
3251,ගහගනිං
3252,පුකේ
3253,පකයා
3254,හැමිණෙන්න
3255,කිම්බට
3256,පුක
3257,පොන්නයා
3258,නොදොකින්
3259,ජරා
3260,හැත්ත
3261,යකෝ
3262,පලයන්
3263,යන්න
3264,ගොන්
3265,ආතල්
3266,හුජ්ජ
3267,පෙරේත
3268,හැත්ත
3269,මුසලයා
3270,හරකා
3271,වගේ
3272,ගුටිත්
3273,මී
3274,හරකෙක්
3275,මී
3276,කැරි
3277,වේස
3278,තන්
3279,රෙද්ද
3280,රෙවිල
3281,තොපි
3282,ලොන්ත
3283,නාකියත්
3284,තුක්
3285,නොදකින්
3286,කාලකණ්ණි
3287,අඩො
3288,වේසි
3289,හැමිනෙන්නේ
3290,පයි
3291,හැමිනෙන්නත්
3292,වනචර
3293,හැත්ත
3294,පුකක්
3295,පුක
3296,අසික්කිතයි
3297,හුත්ත
3298,තෝ
3299,වේස
3300,හැත්තක්
3301,යකෝ
3302,බං
3303,උඹ
3304,උඹව
3305,උඹ
3306,බං
3307,උඹට
3308,උඹේ
3309,රෙද්ද
3310,ගොනා
3311,කැම්රි
3312,හුම්කන්නා
3313,තෝ
3314,සක්කිලි
3315,බල්ලා
3316,වහල්ලු
3317,නාකි
3318,පකයි
3319,ඔකුන්
3320,තමුසෙ
3321,ජාවාරම්
3322,මෝඩයා
3323,පලයන්
3324,සක්කිලි
3325,හැත්ත
3326,පර
3327,සක්කිලි
3328,නොදකින්
3329,තූ
3330,නොදකින්
3331,කාලකන්නියා
3332,රෙද්ද
3333,හුජ්ජ
3334,තෝ
3335,පරට්ටී
3336,හුත්තො
3337,පොන්නයා
3338,වේස
3339,හුකන්නා
3340,හෙණ
3341,ගහපන්
3342,පොන්නයා
3343,රෙන
3344,ගෙම්බෙක්
3345,පුකක්
3346,නොදකින්
3347,හුත්ත
3348,හුකාන
3349,සක්කිලි
3350,මූ
3351,වල්
3352,හැත්ත
3353,හුජ්ජ
3354,පොන්න
3355,සිකයියෙක්ට
3356,අසික්කිත
3357,සුනඛයෙක්
3358,යකෝ
3359,නොදකින්
3360,කාලකණ්ණි
3361,කාලකණ්ණි
3362,කාලකණ්ණි
3363,හෙන
3364,පොන්න
3365,කාලකණ්ණි
3366,හැත්ත
3367,නොදකින්
3368,මුසලයා
3369,කොන්ද
3370,පණ
3371,නැති
3372,අවජාතකයෝ
3373,තොපි
3374,නිවටයන්ගේ
3375,යකෝ
3376,පක
3377,සාප
3378,සාප
3379,මෝඩ
3380,අමනුස්ස
3381,හැත්ත
3382,පකෝ
3383,තෝ
3384,ගොංනේ
3385,පකෝ
3386,ගෝතයෝ
3387,අවජාතක
3388,පොන්න
3389,බිජ්ජ
3390,පිස්සු
3391,පිස්සු
3392,පිස්සු
3393,පිස්සො
3394,මෝඩයෝ
3395,බිජ්ජ
3396,පුක
3397,ගූ
3398,හතයි
3399,කෙබර
3400,කෙළින
3401,කටක්
3402,තෝ
3403,පයිය
3404,නොදකින්
3405,සක්කිලි
3406,හැත්ත
3407,පරයො
3408,රෙද්ද
3409,බයික්
3410,වේස
3411,බයික්
3412,යකෝ
3413,තොපි
3414,කාලකන්නි
3415,බලාපිය
3416,තොපිම
3417,තොපි
3418,තොපිම
3419,තොපිම
3420,රෙද්ද
3421,පඩංගු
3422,පඩංගු
3423,වේසියෙර්
3424,හුත්ත
3425,පිස්සු
3426,තොපි
3427,කුහකයෝනේ
3428,තොපිට
3429,හරකා
3430,හරකා
3431,හරකා
3432,හරකා
3433,බඩුව
3434,ගොන
3435,ගනිකාව
3436,කුහකයන්ට
3437,වේසකමේ
3438,ගු
3439,රෙදි
3440,නැතුව
3441,පොන්න
3442,ආණ්ඩුවට
3443,කොරවක්
3444,පුක්කි
3445,වේස
3446,බල්ලෝ
3447,හුජ්ජ
3448,හුත්තක්ද
3449,සක්කිලි
3450,බැල්ලියනේ
3451,තෝ
3452,වේසිගෙ
3453,පුතෝ
3454,හුත්තො
3455,පකෑලා
3456,වේස
3457,බඩුවගෙ
3458,ගූ
3459,හුකේ
3460,ගොන්
3461,හුත්තෝ
3462,හරක්
3463,පයිය
3464,පරයා
3465,කාපිය
3466,තොපි
3467,කාලකණ්ණි
3468,තෝ
3469,මරන්න
3470,පකයෝ
3471,පොරක්
3472,හුත්තෝ
3473,කාලකණ්ණි
3474,පොන්න
3475,සාප
3476,යකෝ
3477,පර
3478,තඩි
3479,අවජාතක
3480,වේසිගේ
3481,මෝඩ
3482,කම
3483,හුත්ත
3484,හුත්ති
3485,වේසි
3486,පොට්ටයෝ
3487,මෝඩ
3488,වහල්ලු
3489,පිස්සියක්
3490,හුජ්ජ
3491,පුකේ
3492,කිම්බ
3493,පොන්නයින්ටම
3494,පක
3495,හුජ්ජයි
3496,කාලකණ්නි
3497,නොදකින්
3498,ගොබ්බ
3499,හරකෙක්
3500,තප්පුලනවා
3501,උඹලා
3502,අම්මගේ
3503,රෙද්දයි
3504,බැල්ලිගේ
3505,ගොනා
3506,තෝ
3507,තන්
3508,තන්
3509,තන්
3510,පයිය
3511,හැමනෙන්න
3512,කැරි
3513,වේසිඟේ
3514,පකේ
3515,හුත්තෝ
3516,අයිසෙ
3517,ගොබ්බයෙක්
3518,ඕකගෙන්
3519,රෙද්ද
3520,තුප්පහි
3521,කුප්ප
3522,පොන්න
3523,කැරියගෙ
3524,මෝඩ
3525,හරක්
3526,ගොනෙක්
3527,බුරු
3528,පුතානෝ
3529,තවුසෙ
3530,ගොන්
3531,හරක්
3532,තවුසෙ
3533,බුරුවො
3534,වලලියන්
3535,හුජ්ජ
3536,රෙද්ද
3537,පක
3538,පුක
3539,නොදකිං
3540,තොපි
3541,ටෝ
3542,කාලකන්ණි
3543,සක්කිලියන්ගේ
3544,අවජාතක
3545,බඩුව
3546,බල්ලො
3547,බැල්ලි
3548,පිස්සු
3549,හුකන්නලා
3550,යකෝ
3551,යකෝ
3552,පුක
3553,කාලකණ්ණි
3554,පරයින්ගෙන්
3555,බැල්ලිගෙ
3556,අනාථ
3557,සක්කිලි
3558,පර
3559,සුද්දන්ට
3560,අවජාතකයෝ
3561,සක්කිලි
3562,වේස
3563,පක්කු
3564,කෑල්ල
3565,ලෑලි
3566,කෑල්ල
3567,තොපිට
3568,ගොන්
3569,බිජ්ජොන්ට
3570,පකයලා
3571,නොදකින්
3572,මෝඩ
3573,හුකන්නලා
3574,පරට්ටි
3575,තෝ
3576,විඳවපිය
3577,තෝ
3578,ගස්
3579,බැල්ලි
3580,අප්පිරියත්
3581,සික්
3582,රෙද්ද
3583,පල්ලෙන්
3584,බේරෙ
3585,කාලකණ්ණි
3586,බිජ්ජ
3587,බැල්ලි
3588,තෝ
3589,තෝ
3590,පරට්ටි
3591,නාකි
3592,සක්කිලි
3593,සෙවළ
3594,පැණියොත්
3595,තන්
3596,දෙක
3597,පුකේ
3598,තන්දෙක
3599,ගොන්
3600,බිජ්ජන්ගෙ
3601,ප
3602,කිම්බ
3603,පුක
3604,පිස්සු
3605,මෝඩ
3606,මෝඩ
3607,තොපි
3608,බඩ
3609,පලයන්
3610,සාප
3611,ලේ
3612,බඩ
3613,මැරීයන්
3614,වේසි
3615,හුත්ති
3616,යකෝ
3617,සක්කිලි
3618,අවජාතක
3619,පකයි
3620,තොපිට
3621,සාප
3622,වේවා
3623,සාප
3624,වේවා
3625,පයියෙං
3626,පයිය
3627,බලු
3628,හැත්ත
3629,කාලකණ්ණි
3630,තුප්පහි
3631,සක්කිලි
3632,හොර
3633,චීවර
3634,නඩ
3635,තෝ
3636,කාලකණ්නි
3637,ගොං
3638,වස්සෝ
3639,හුත්තෝ
3640,කැරියා
3641,තොගේ
3642,අවජාතක
3643,හැත්ත
3644,බල්ලෝ
3645,තොට
3646,ගොනා
3647,ගෑණි
3648,යකො
3649,පක
3650,නොදකින්
3651,බිජ්ජ
3652,පරයා
3653,සක්කිලි
3654,පච
3655,තොට
3656,හෙණ
3657,ගහපන්
3658,මෝඩ
3659,මූසලය
3660,මෝඩ
3661,ගෙම්බා
3662,බිජ්ජක්වත්
3663,පල
3664,හුත්තී
3665,වද
3666,වේසී
3667,හුත්ත
3668,පකෙක්ද
3669,පරට්ට
3670,බැල්ලි
3671,පයිය
3672,බලුවැඩ
3673,පරයෙක්
3674,හුත්තලටනන්
3675,තෝ
3676,වල්
3677,බල්ලෝ
3678,ගස්
3679,බල්ලා
3680,තෝ
3681,ලබ්බක්
3682,ගල්
3683,මූසලයා
3684,සක්කිලි
3685,සක්කිලි
3686,පලයන්
3687,පස්ස
3688,පැත්තට
3689,තමුසෙ
3690,තිරිසං
3691,බෙටි
3692,කුක්කෙක්
3693,හරකා
3694,මෝඩ
3695,පිස්සු
3696,හුත්තෙක්
3697,වැල
3698,වල්
3699,ඌරා
3700,වල්
3701,ඌරා
3702,හූණු
3703,බිජ්ජකි
3704,තමුසෙ
3705,තමුසෙගෙ
3706,තමුසෙ
3707,නොදකින්
3708,මෝඩ
3709,හරක්
3710,කිම්බ
3711,අලි
3712,මීහරකා
3713,කාලකන්නි
3714,සක්කිලි
3715,බල්ලො
3716,තොපි
3717,තොපේ
3718,නොදකින්
3719,අසහනකාරයා
3720,හුත්තනෙ
3721,පක
3722,තොපිට
3723,සක්කිලි
3724,පයිය
3725,වේස
3726,නොදකින්
3727,පොන්න
3728,රැල
3729,හරක්ද
3730,යකෝ
3731,පකෝ
3732,නොදකින්
3733,කාලකණ්ණියෙක්
3734,නොදකින්
3735,පකේ
3736,ලබ්බ
3737,හරකා
3738,හුජ්ජ
3739,යකෝ
3740,පිච්චන්ම
3741,තූ
3742,ගෑණි
3743,හුජ්ජ
3744,කාලකණ්ණි
3745,පොන්න
3746,හැත්ත
3747,ලබ්බ
3748,කොන්ද
3749,පන
3750,නැති
3751,පොන්න
3752,කාලකණ්ණි
3753,හැත්ත
3754,රියල්
3755,පොන්නයො
3756,තොගෙ
3757,අම්මා
3758,වේසියක්
3759,තොගෙ
3760,රස්තියදු
3761,කාරයෙක්
3762,තෝ
3763,හුජ්ජ
3764,කරලා
3765,බුදියගනින්
3766,ගෑණි
3767,හොර
3768,ගෑණි
3769,රෙද්ද
3770,ලබ්බේ
3771,තො
3772,පර
3773,බල්ලා
3774,හෙන
3775,ගහපිය
3776,අවජාතක
3777,සක්කිලි
3778,රෙද්ද
3779,බල්ලා
3780,බල්ලා
3781,පරයා
3782,බල්ලා
3783,පරයා
3784,මඩකරි
3785,සක්කිලි
3786,තොට
3787,බිජ්ජ
3788,මෝඩ
3789,ගොනා
3790,කබ්බොන්ව
3791,පුක
3792,දෙන
3793,මූ
3794,යකෝ
3795,පිස්සා
3796,මූ
3797,යකෝ
3798,කාලකණ්ණි
3799,තෝ
3800,මූ
3801,වේසි
3802,තෝවා
3803,හැලපයා
3804,පරයයෙක්
3805,හුජ්ජ
3806,සෙවල
3807,මුසලයා
3808,ලබ්බ
3809,වල්
3810,බැල්ලි
3811,තොට
3812,වල්
3813,බැල්ලි
3814,තොට
3815,සක්කිලි
3816,මොඩ
3817,හැත්ත
3818,ගොන්
3819,හරක්
3820,හෙනගහපන්
3821,තූ
3822,නෙදකින්
3823,සංකර
3824,බල්ලන්ට
3825,බැල්ලියන්ට
3826,නපුන්සකයින්ට
3827,කාළකණ්නි
3828,මළ
3829,පෙරේත
3830,හැත්ත
3831,මන්ධබුද්ධික
3832,නාකි
3833,ලොන්තයෙක්
3834,තෝ
3835,මැරිලම
3836,පල
3837,නාකි
3838,පොන්නයා
3839,හැත්ත
3840,ගොන්
3841,පර
3842,හැත්ත
3843,බැල්ලි
3844,යකෝ
3845,මුන්ගේ
3846,පකෝ
3847,හැමිනෙන්නෙපා
3848,ගොන්
3849,හැත්ත
3850,මුසලයෝ
3851,වේසිගේ
3852,පුතාලා
3853,වේස
3854,කමේ
3855,අවජාතක
3856,හරකා
3857,හුත්තට
3858,හුත්ත
3859,බුරැවො
3860,යකෝ
3861,තොට
3862,ගඳ
3863,සක්කිලි
3864,උත්තක්නෙ
3865,පලයන්
3866,යන්න
3867,කෙලින්න
3868,කෙලින්න
3869,නිවට
3870,පිම්පියො
3871,තූ
3872,නොදකින්
3873,රෙද්ද
3874,පකෝ
3875,පුක
3876,හුත්ත
3877,හුකාපිය
3878,පඩ
3879,ෂෝ
3880,තොපි
3881,යකෝ
3882,පිස්සා
3883,පිස්සු
3884,හෙණ
3885,ගහනවා
3886,තොට
3887,හොර
3888,කාළකන්ණියා
3889,නොදකින්
3890,පිස්සු
3891,යකා
3892,වල්
3893,බල්ලා
3894,ගොනා
3895,ඌට
3896,හැමනෙන්න
3897,හුකන්නැතුව
3898,පයිය
3899,ගොටුකොළ
3900,පොන්නයොයි
3901,තුත්තිරි
3902,වේසාවියොයි
3903,හුත්තේ
3904,පකෝ
3905,පරයෙක්
3906,රෙද්ද
3907,ටහිකෙනවා
3908,යකෝ
3909,කිම්බ
3910,කැරිම
3911,පොන්න
3912,රෙද්ද
3913,පයිය
3914,හුකයි
3915,මෝඩ
3916,හුට්ටප්පරේ
3917,කාළකණ්නි
3918,බල්ලොන්ට
3919,බලු
3920,පලයන්
3921,නාකිය
3922,නොදකින්
3923,නොදකින්
3924,මැටි
3925,හරකාගේ
3926,හුකන්න
3927,හුජ්ජ
3928,පලයන්
3929,තොපිලට
3930,පිස්සු
3931,යකෝ
3932,ගොන්
3933,හැත්ත
3934,අවජාතක
3935,පොන්න
3936,චූ
3937,කොල්ලෙක්
3938,පුකයි
3939,ලබ්බක්
3940,තමුසෙලා
3941,හුත්ත
3942,තොපි
3943,හරාම්
3944,හැත්ත
3945,පකෙ
3946,නොදකින්
3947,ගොබ්බ
3948,හැත්ත
3949,හුජ්ජ
3950,ලොල්ලෙක්
3951,තෝ
3952,තොගෙ
3953,උලමා
3954,පර
3955,හැත්ත
3956,තෝ
3957,අවජාතක
3958,පරයන්
3959,පලයන්
3960,හිකනලා
3961,රෙද්දේ
3962,පල
3963,පොන්න
3964,තම්බියා
3965,තොපි
3966,පුක
3967,කක්කා
3968,ගොන්
3969,හිගන්නොද
3970,උඹ
3971,පක
3972,චලකයෝ
3973,බිජ්ජ
3974,මෝඩ
3975,අසහන
3976,කාරයෙක්
3977,වේස
3978,බල්ලෝ
3979,හෙළුව
3980,රෙද්ද
3981,පල්ලෙ
3982,පොන්න
3983,අමුම
3984,කාලකන්නියෙක්
3985,පක
3986,පුක
3987,හුජ්ජ
3988,කල්ල
3989,මීහරකා
3990,පකෝ
3991,තොපි
3992,අලි
3993,කාලකණ්ණි
3994,ලබ්බ
3995,ගොං
3996,හරකා
3997,තෝ
3998,මෝඩයෙක්
3999,කෙළවෙලා
4000,පලයන්
4001,කුණු
4002,වුණ
4003,කාලකණ්ණි
4004,හුජ්ජ
4005,බිජ්ජ
4006,චූ
4007,තම්බි
4008,තොපිට
4009,බලු
4010,හැත්ත
4011,මෝඩ
4012,තොපි
4013,තෝ
4014,පරගැති
4015,හැත්ත
4016,පුක
4017,ගොන්
4018,හැත්ත
4019,කැත
4020,තඩි
4021,ගොන්
4022,මීහරකා
4023,ගොන්
4024,ගොන්
4025,හු
4026,හු
4027,හුත්ත
4028,ගොන්
4029,තඩි
4030,බූරුවා
4031,පකෝ
4032,හරකා
4033,පුක
4034,කාලකන්නි
4035,පුක
4036,තමුසේ
4037,මොක්කුද
4038,ජරා
4039,සත්තු
4040,වාසල
4041,පොන්න
4042,පොන්නයා
4043,තෝ
4044,තොපිලගෙ
4045,පස්ස
4046,පොන්න
4047,පොන්නයොත්
4048,ලබ්බ
4049,හැත්ත
4050,නොදකින්
4051,පංකාවේ
4052,තොපි
4053,හිඟන
4054,කැම්පස්
4055,කාරයෝ
4056,පොන්න
4057,වේසි
4058,වේසි
4059,තෝ
4060,පුක
4061,ගහප්
4062,හෙනගහනවා
4063,තොපිට
4064,සක්කිලි
4065,හැත්ත
4066,යකෝ
4067,බල්ලෝ
4068,බිජ්ජ
4069,හිවලො
4070,පයින්
4071,තෝ
4072,හිටපං
4073,තොපි
4074,වහල්
4075,හැත්ත
4076,හුක
4077,හුක
4078,හරක්
4079,පුක
4080,පලයන්
4081,හුත්තෝ
4082,මගුල
4083,කරුම
4084,තෝ
4085,තොට
4086,තමුසෙල
4087,තමුසෙලා
4088,පිස්සු
4089,ජෝක්
4090,ඕයි
4091,ගොන්
4092,සක්කිලි
4093,හැතිකරය
4094,යකෝ
4095,පුකේ
4096,පිස්සු
4097,පුකේ
4098,පිස්සු
4099,පොන්නයෙක්නෙ
4100,අයිසෙ
4101,කැරි
4102,බඩුවක්
4103,හුත්තික්කෙල්ල
4104,බඩුව
4105,කාලකන්නි
4106,පොල්
4107,බුරුවා
4108,ගොම්මං
4109,මුසලයා
4110,පිස්සා
4111,පර
4112,හැත්ත
4113,තු
4114,නොදකින්
4115,පකෝ
4116,පයිය
4117,තමුසෙත්
4118,තමුසෙ
4119,තමුසෙ
4120,ගොන්
4121,හරකා
4122,තෝ
4123,හුජ්ජ
4124,බිජ්ජ
4125,මෝඩ
4126,හැත්ත
4127,අසූචි
4128,ඌරෙක්
4129,මහපරයලා
4130,කාලකණ්ණි
4131,තප්පුලන්න
4132,හුජ්ජ
4133,තක්කඩි
4134,වහල්
4135,ගොන්
4136,හැත්ත
4137,මරන්නෝන
4138,අම්මටහුඩු
4139,යකෝ
4140,ටෞකන්ඩ
4141,පුක
4142,ලොල්ලො
4143,මුසලෙ
4144,හු•තො
4145,තොපිට
4146,තොපිව
4147,උඹේ
4148,කියපන්
4149,පයිය
4150,පොන්නද
4151,හුකන
4152,හුත්ති
4153,ඌට
4154,නොදකින්
4155,වේසි
4156,පුතාගෙන්
4157,බැල්ලි
4158,අවජාතක
4159,හැත්ත
4160,පුක
4161,පොන්න
4162,පකද
4163,පයිය
4164,තුහ්
4165,නොදකින්
4166,වසල
4167,හැත්ත
4168,පෙති
4169,පෙති
4170,කපන්න්
4171,ගොන්
4172,මෝඩ
4173,බල්ලන්
4174,බඩගෝස්තරවාදීන්
4175,තොපි
4176,හැත්ත
4177,නොදකින්
4178,වල්
4179,බල්ලා
4180,ජාතිවාදීයා
4181,පර
4182,හැත්ත
4183,කාලකන්නි
4184,වේසිගෙ
4185,බැල්ලියෝ
4186,වේසම
4187,වේස
4188,හුකේ
4189,නන්නානේ
4190,ජංගියා
4191,තෝ
4192,ගස්
4193,ලබ්බා
4194,පලයන්
4195,හුත්තො
4196,ගොන්
4197,පකේලා
4198,පොන්න
4199,හැත්ත
4200,පුකෙනුත්
4201,වාචාලයා
4202,උඹ
4203,සිඹින්නෙක්
4204,ලබ්බක්
4205,ගල
4206,ගලට
4207,සාපයක්
4208,කුප්ප
4209,පක
4210,බොල
4211,නාකි
4212,පුත්තලම්
4213,බූරුවො
4214,තෝ
4215,තොට
4216,යකෝ
4217,ගොබ්බ
4218,සක්කිලි
4219,කල්ලතෝනින්ට
4220,කාලකණ්ණි
4221,හැතිකරේ
4222,පිස්සු
4223,හුත්තෙක්
4224,මොංගල්
4225,අවජාතක
4226,සක්කිලි
4227,පකයල
4228,පලයන්
4229,තෝ
4230,බයි
4231,තමුසෙලා
4232,සක්කිලි
4233,බල්ලෙක්
4234,පොන්නයනෙ
4235,පුක
4236,පරහැත්ත
4237,තොපි
4238,තොපිට
4239,තොගෙ
4240,නොදකින්
4241,ගොන්
4242,හැත්ත
4243,තොපි
4244,ගොබ්බ
4245,යකෝ
4246,කොටි
4247,හැත්ත
4248,අවජාතක
4249,පරට්ට
4250,බැල්ලි
4251,පරට්ට
4252,ටෞකන්ඩ
4253,නාකි
4254,පොප්සියො
4255,යකෝ
4256,තොට
4257,තොපි
4258,රන්නපොජිතයා
4259,ට
4260,හුක්
4261,ගොන්කම
4262,තොගෙ
4263,තොගෙ
4264,කැරියා
4265,ටහිකෙන
4266,බඩුවට
4267,බඩුව
4268,පොන්න
4269,ගොනෙක්ද
4270,කාලකණ්ණි
4271,පුක
4272,පුක
4273,ඉරාගෙන
4274,හුකන්න
4275,හුකවන්න
4276,වේසි
4277,පකෝ
4278,තෝ
4279,වේසියෝ
4280,පුකෙ
4281,වේසි
4282,කිම්බා
4283,යකෝ
4284,තොට
4285,වඳයෝ
4286,තෝ
4287,තෝ
4288,ඕකා
4289,ඕකාට
4290,කටට
4291,දුන්නද
4292,පොන්න
4293,හරකුන්ගේ
4294,බල්ලො
4295,පයියක
4296,තොට
4297,තොට
4298,ගොන්
4299,හරකා
4300,පයිය
4301,හුජ්ජ
4302,පරයන්ගේ
4303,සක්කිලි
4304,හැත්ත
4305,කපනව
4306,ඩෝ
4307,බිජ්ජ
4308,පුක
4309,අප්පිරියයි
4310,පොන්න
4311,පොන්න
4312,මෝඩ
4313,නාකියා
4314,පොන්නයො
4315,තොට
4316,තෝ
4317,පට්ට
4318,ගොන්
4319,වහල්ලූ
4320,මෝඩ
4321,හැත්ත
4322,ගොන්
4323,හරකෙක්
4324,වැද්ද
4325,පකවල්
4326,හුත්තො
4327,පුක
4328,හැමිනෙන්න
4329,බඩුව
4330,හුකා
4331,හුජ්ජ
4332,බිජ්ජ
4333,බඩුවක්
4334,බඩු
4335,ගොන්
4336,හරකා
4337,හුකාපන්
4338,හුත්ත
4339,අසහනකාරයෙක්
4340,හුත්තක්
4341,වේස
4342,ගෑණූ
4343,හෙන
4344,ගහපන්
4345,තොපි
4346,හැත්ත
4347,බුරුත්තටම
4348,අසමජ්ජාති
4349,කාරයො
4350,සාපයක්
4351,පඩත්තර
4352,බැල්ලි
4353,නකි
4354,නොදකින්
4355,පොන්නයෙක්
4356,ගෑනුන්ට
4357,බිජ්ජ
4358,පොටෝ
4359,පොන්නයෙක්
4360,බිජ්ජ
4361,බඩුව
4362,බඩුවට
4363,ගොනා
4364,පකෝ
4365,තොපි
4366,ලබ්බකුත්
4367,පස්ස
4368,පුක
4369,සක්කිලි
4370,වේ
4371,යකෝ
4372,ඇටේ
4373,පයිය
4374,පයියක්
4375,මෝඩ
4376,ඌරා
4377,පාහරයන්
4378,අම්මලාගෙ
4379,රෙද්ද
4380,සක්කිලි
4381,තුප්පහි
4382,හිවල්
4383,හැතිකරේ
4384,හුටන්
4385,වේස
4386,වේස
4387,ගුලි
4388,හුකන්නෝ
4389,පුකයි
4390,කාලකණ්ණි
4391,පුක
4392,තොට
4393,කනෙත්
4394,එක්ක
4395,අරිනව
4396,හුකන්නමයි
4397,කිම්බ
4398,දිවදාලා
4399,ගෑණි
4400,ඌට
4401,ගෑණි
4402,ගෑණි
4403,අවජාතක
4404,වේස
4405,කදන්
4406,හැමිනෙන්න
4407,පුකේ
4408,පුක
4409,රෙන
4410,පුක
4411,පකෝ
4412,ලබ්බේ
4413,පුක
4414,හරකා
4415,බොල
4416,වේසි
4417,කැරි
4418,පොන්
4419,ගොන්
4420,සුන්තො
4421,කොල්ලො
4422,කාරයෝ
4423,කොල්ලො
4424,කොල්ලො
4425,කාරයෝ
4426,රෙද්ද
4427,ඇට
4428,කැරි
4429,පකයා
4430,පොන්න
4431,හුකන්නා
4432,කැරි
4433,බඩුව
4434,හුත්තිගෙ
4435,වේසිගෙ
4436,කැරි
4437,වේසිගෙ
4438,හුත්තිගෙ
4439,රෙද්දෙටද
4440,පො
4441,හැත්ත
4442,තෝ
4443,තොට
4444,හුත්තවල්
4445,දිව
4446,දදා
4447,උඹලා
4448,පකයොද
4449,බැල්ලි
4450,හංගොල්ලො
4451,අවජාතක
4452,රෙද්ද
4453,තමා
4454,නසරානි
4455,වේස
4456,ගෑනි
4457,හැතිකරයක්
4458,සක්කිලි
4459,ගහපං
4460,තෝ
4461,පොන්නයෙක්
4462,බලපියව්
4463,කම්බා
4464,හොරාගේ
4465,කාලකන්නියට
4466,බලපියව්
4467,තොපි
4468,අවජාතකයෝ
4469,මුංව
4470,සක්කිලි
4471,තූ
4472,කාලකණ්ණි
4473,අවජාතක
4474,බල්ලො
4475,තොපි
4476,තොපි
4477,බූරුවෝ
4478,තෝ
4479,බල්ලා
4480,බල්ලා
4481,තෝ
4482,පලකෝ
4483,බූරුවා
4484,තෝ
4485,තොගෙ
4486,පුක
4487,හුත්තලාට
4488,හුකවලා
4489,පක්කුන්ට
4490,ලෙඩ්ඩු
4491,අසහනකාර
4492,පොන්න
4493,හැතිකරේ
4494,ගොං
4495,වස්සෝ
4496,තොපි
4497,බලපිය
4498,කාලකන්නියා
4499,තොපි
4500,අශුචි
4501,අවජාතක
4502,බලු
4503,හැත්ත
4504,අරූගෙ
4505,යකෝ
4506,ගොං
4507,හරකා
4508,යකෝ
4509,ගොනා
4510,තොට
4511,බැල්ලියේ
4512,තෝ
4513,පොන්න
4514,හැත්ත
4515,රස්තියාදු
4516,ගොනා
4517,කාල
4518,කන්නින්ට
4519,තොට
4520,ගොන්
4521,බිජ්ජො
4522,තෝ
4523,කිබි
4524,උකුණෙක්
4525,බඩුවක්
4526,කිම්බි
4527,තුහ්
4528,නොදකින්
4529,තොපි
4530,අමන
4531,උකන්නේ
4532,අවජාතක
4533,ආණ්ඩුවක්
4534,ඉගෙනගත්තේ
4535,නැති
4536,බූරුවෙක්
4537,කැරියා
4538,මෝඩ
4539,කමට
4540,බෙහෙත්
4541,නෑ
4542,නෑ
4543,නෑ
4544,මෝඩ
4545,කමට
4546,බෙහෙත්
4547,නෑ
4548,පක
4549,පුක
4550,පුක
4551,පුකමයි
4552,පුක
4553,හුත්තො
4554,පොන්න
4555,පයිය
4556,ගොන්
4557,බිජ්ජ
4558,නොදකින්
4559,කොලුකාරයා
4560,මුසලයා
4561,සක්කිලි
4562,තඩි
4563,මහත
4564,මොන්ගල්ද
4565,පයිය
4566,හෙන
4567,පාදඩයා
4568,පාදඩ
4569,එවැලිංජකන්
4570,බල්ලා
4571,පොන්නයෝ
4572,තෝ
4573,හොරා
4574,වේසා
4575,තෝ
4576,වේසි
4577,තෝ
4578,වේසකමේ
4579,තෝ
4580,හුජ්ජ
4581,බිජ්ජ
4582,ගොං
4583,තොපි
4584,හැත්තට
4585,හෙණම
4586,ගහපිය
4587,මූසල
4588,හැත්ත
4589,ගොං
4590,වේස
4591,පක්කු
4592,අසික්කිත
4593,අවජාතක
4594,තෝ
4595,තෝ
4596,නාකි
4597,සාප
4598,තොට
4599,කාලකණ්ණි
4600,පකෝ
4601,හුජ්ජ
4602,පිස්සු
4603,සමලිංගික
4604,වල
4605,හරකුනේ
4606,සම
4607,ලින්ගිකයෙකු
4608,යකෝ
4609,හැත්ත
4610,නොදකින්
4611,කිම්බ
4612,තොපි
4613,පුප
4614,බිම
4615,ඇනීගෙන
4616,පොන්නකම
4617,ගොන්
4618,බිජ්ජෝ
4619,තුප්පහි
4620,සක්කිලි
4621,හිපාටුවෙක්
4622,පොන්න
4623,පැටව්
4624,වේසිගෙ
4625,පුතාලා
4626,දුප්
4627,පරට්ටි
4628,පකයෝ
4629,හිකුවේ
4630,හුත්තෝ
4631,කැරි
4632,පොන්නයා
4633,තොගේ
4634,පයිය
4635,වේසිගෙ
4636,පුතා
4637,තොට
4638,කැරි
4639,පකයා
4640,බල්ලා
4641,ගණිකාවක්
4642,සල්ලාලයෙක්
4643,බිජ්ජ
4644,නොහුකා
4645,පලං
4646,බං
4647,තොට
4648,තෝ
4649,බං
4650,පකේ
4651,තොපි
4652,ගූ
4653,අවජාතක
4654,බල්ලා
4655,පකෝ
4656,පයිය
4657,මෝඩ
4658,හැත්ත
4659,මුන්
4660,මහ
4661,සාපයක්
4662,කාලකණ්ණි
4663,හැත්තක්
4664,ලබ්බෙ
4665,තෝ
4666,තොට
4667,ලබ්බ
4668,යකෝ
4669,පර
4670,බල්ලෙක්
4671,තූ
4672,සක්කිලි
4673,සාපේ
4674,වේසා
4675,හැත්ත
4676,පොන්නයොයි
4677,ගූ
4678,බඩුයි
4679,නාකි
4680,ගෑණුයි
4681,හැමිනෙන්නෙ
4682,තුක්
4683,නොදකින්
4684,නුගත්
4685,බැල්ලිගෙ
4686,පුතාල
4687,සක්කිලි
4688,දෙන්න
4689,අවජාතක
4690,පිම්පි
4691,හැතිකරේ
4692,තො
4693,හුක
4694,තොගෙ
4695,මරි
4696,මෝඩ
4697,ගොන්
4698,කාලකණ්ණි
4699,මොනෞත්තක්ද
4700,ගොබ්බ
4701,ගොබ්බයෝ
4702,සක්කිලි
4703,මීයා
4704,තොට
4705,යකෝ
4706,ඕයි
4707,හුජ්ජ
4708,මෝඩ
4709,පල
4710,පකයෝ
4711,තොපි
4712,කාලකන්නි
4713,පුකේ
4714,රෙද්ද
4715,මෝඩ
4716,හුජ්ජ
4717,පස්සක්
4718,පස්ස
4719,තොට
4720,අවජාතක
4721,රෙන
4722,ගූ
4723,පුක
4724,අවජාතක
4725,හැත්ත
4726,හුජ්ජ
4727,ගෑණි
4728,කාපිය
4729,ජංගි
4730,උන්ගෙ
4731,ලබ්බ
4732,තමුසෙගෙ
4733,තමුසෙග
4734,මොන්ගල්
4735,පයිසෙලා
4736,කාලකණ්ණි
4737,කාලකණ්ණි
4738,බහුජ්ජයො
4739,තිරිසන්නු
4740,හුත්තෝ
4741,ගොන්
4742,තෝ
4743,වල්
4744,සක්කිලි
4745,අවජාතක
4746,තොපි
4747,කාලකන්නි
4748,අවජාතක
4749,බල්ලෝ
4750,මුංට
4751,යකෝ
4752,කාලකන්නි
4753,තොපිට
4754,බල්ලෝ
4755,හැත්ත
4756,බුරුත්ත
4757,බිජ්ජ
4758,හුජ්ජ
4759,වේසා
4760,ගැනු
4761,ගොන්
4762,හුජ්ජ
4763,පොන්නයෝ
4764,පරට්ට
4765,පලයන්
4766,තෝ
4767,මී
4768,හරකා
4769,පුක
4770,තොට
4771,ලබ්බෝ
4772,පලයන්
4773,පොන්
4774,පුතෝ
4775,pakaya
4776,ලබ්බ
4777,රෙද්ද
4778,පුකත්
4779,පොන්නයා
4780,තෝ
4781,තෝ
4782,උබෙන්
4783,හුජ්ජ
4784,හුත්තලට
4785,පුකේ
4786,රෙද්දක්
4787,වේසියෝ
4788,ගොබ්බයොත්
4789,මෝඩ
4790,හුකන්නලද
4791,පොන්න
4792,පකයො
4793,ගොන්
4794,පස්ස
4795,රෙද්ද
4796,බැල්ලි
4797,හුජ්ජ
4798,පකෝ
4799,පකාල
4800,පකාලා
4801,තෝ
4802,අවජාතක
4803,පඩත්තරයන්ව
4804,බඩුව
4805,හුකන්ඩ
4806,යකඩ
4807,පයිය
4808,බූරුවා
4809,හරකා
4810,නූගත්
4811,ගොන්
4812,පකයෝ
4813,තොපිල
4814,හරක්ට
4815,තමුසෙ
4816,පට්ට
4817,බඩුවක්
4818,නොදකින්
4819,පක්
4820,කිම්බ
4821,බඩුව
4822,ගොං
4823,ගොනාට
4824,බූරුවා
4825,හරකා
4826,මගුල්
4827,රෙද්ද
4828,ගල්
4829,මුසලයා
4830,මුසලයා
4831,පක
4832,පයිය
4833,පරයද
4834,හුත්තෙ
4835,කැරි
4836,වේසි
4837,පට්ට
4838,බැල්ලි
4839,ගහනව
4840,තොට
4841,වැලි
4842,පයියක්
4843,හුත්තො
4844,පයිය
4845,පිස්සා
4846,තොපිල
4847,තෝ
4848,අම්මප
4849,ඩයල්
4850,තොපි
4851,පුකේ
4852,තොගෙ
4853,තෝ
4854,හුකන්නක්ද
4855,යකෝ
4856,තෝ
4857,හුකාරිස්
4858,පරය
4859,පුක
4860,පුක
4861,තෝ
4862,රිලා
4863,පැටියෙක්ට
4864,පකයෝ
4865,ගොන්
4866,වේසි
4867,බඩුව
4868,හොරෙක්
4869,බොරු
4870,කාරයෙක්
4871,පිස්සෙක්
4872,වාචාලයෙක්
4873,ගොන්
4874,මොඩයෙක්
4875,අවජාතක
4876,සක්කිලි
4877,හැත්ත
4878,වේස
4879,ගෑණු
4880,හුජ්ජ
4881,ශුකානු
4882,අවජාතක
4883,නොදකින්
4884,ගල්
4885,මුසලයා
4886,ලබ්බ
4887,හොර
4888,ගෑණි
4889,තෝ
4890,කෑහුට්ටී
4891,සක්කිලි
4892,හුත්තලගේ
4893,හුත්තක්ද
4894,යකෝ
4895,ලබ්බ
4896,යකෝ
4897,සාප
4898,වේවා
4899,යකෝ
4900,පුකේ
4901,පුක
4902,වේස
4903,බල්ලෝ
4904,බිජ්ජ
4905,පිපුරුවත්
4906,හුජ්ජ
4907,බිජ්ජ
4908,ගොබිලන්ට
4909,ගූ
4910,අමනයෝ
4911,අම්මා
4912,බඩුව
4913,ලබ්බක්
4914,සාප
4915,ගොබ්බයෝ
4916,රෙදි
4917,පල
4918,ඩෝ
4919,පිට
4920,යනවා
4921,තූ
4922,තෝපි
4923,තොට
4924,ඊයා
4925,පොඩි
4926,උට්ටෝ
4927,ගොන්
4928,පකයලා
4929,ඉඳකිං
4930,කාලක්ණ්නි
4931,බිජ්ජ
4932,චූ
4933,හුජ්ජ
4934,තඩි
4935,හුත්තවල්
4936,හුත්තවල්
4937,තොපි
4938,පලයව්
4939,තොපි
4940,කාලකණ්ණි
4941,හැතිකරේ
4942,වේසි
4943,තෝ
4944,ගල්
4945,ඉබ්බා
4946,පකෝ
4947,හුජ්ජ
4948,බිත්තියේ
4949,හුජ්ජ
4950,හැත්ත
4951,ගොබ්බ
4952,හැත්ත
4953,තමුසෙ
4954,කුනා
4955,ලොබි
4956,අවජාතකයො
4957,නාකි
4958,හෙන
4959,ගහන්න
4960,පරට්ටි
4961,වේසි
4962,පට්ට
4963,ගොන්
4964,පුක
4965,වෙලා
4966,බැල්ලී
4967,අසුචි
4968,කකා
4969,හිටපිය
4970,තොගේ
4971,තොට
4972,අවජාතකයා
4973,තෝ
4974,පයිය
4975,කකා
4976,අවලම්
4977,බල්ලා
4978,හුට්ටෝ
4979,ලෙල්ල
4980,හුටං
4981,මැටි
4982,හරක්ට
4983,වට්ටෝරුකිම්බ
4984,පුක
4985,පුක
4986,පුක
4987,සක්කිලි
4988,තමුසෙ
4989,හොරෙක්
4990,තමුසෙ
4991,පල්
4992,හොරෙක්
4993,පිස්සෙක්
4994,රෙද්ද
4995,පලයන්
4996,එච්චර
4997,දෙයක්
4998,කරගන්ඩ
4999,බෑ
5000,තෝ
5001,හුජ්ජ
5002,ගොඩේ
5003,තෝ
5004,අවජාතක
5005,අවජාතක
5006,බල්ලන්ගේ
5007,හුජ්ජ
5008,පොඩි
5009,එකා
5010,බල්ලන්ට
5011,කාලකණ්ණි
5012,බල්ලෝ
5013,බැල්ලිට
5014,බැල්ලි
5015,බැල්ලි
5016,බැල්ලි
5017,බැල්ලි
5018,පට්ට
5019,කෑල්ල
5020,පරයට
5021,ගොං
5022,පකයා
5023,ගොං
5024,නාකි
5025,කාලකණ්ණි
5026,හුත්ත
5027,පයිය
5028,හුත්ත
5029,පයිය
5030,හුත්ත
5031,පයිය
5032,හුත්ත
5033,පයිය
5034,හුත්ත
5035,පයිය
5036,හුත්ත
5037,පයිය
5038,හුත්ත
5039,පයිය
5040,හුත්ත
5041,පයිය
5042,හුත්ත
5043,පයිය
5044,හුත්ත
5045,පයිය
5046,හුත්ත
5047,පයිය
5048,හුත්ත
5049,පයිය
5050,හුත්ත
5051,පයිය
5052,හුත්ත
5053,පයිය
5054,හුත්ත
5055,පයිය
5056,හුත්ත
5057,පයිය
5058,හුත්ත
5059,පයිය
5060,හුත්ත
5061,පයිය
5062,හුත්ත
5063,පයිය
5064,හුත්ත
5065,පයිය
5066,හුත්ත
5067,පයිය
5068,හුත්ත
5069,පයිය
5070,හුත්ත
5071,පයිය
5072,හුත්ත
5073,පයිය
5074,හුත්ත
5075,පයිය
5076,හුත්ත
5077,තෝ
5078,කැත
5079,කැත
5080,ගොං
5081,හැත්ත
5082,කැත
5083,වැඩක්
5084,තෝ
5085,ගස්
5086,මුසලයා
5087,ගොනා
5088,හුජ්ජබරට
5089,බිජ්ජ
5090,වේස
5091,පුක
5092,නොදකින්
5093,පිස්සා
5094,හුත්තෝ
5095,උට්ටෝ
5096,පකෝ
5097,පර
5098,වේසි
5099,ගල්කෙප්ප
5100,කෙලින්නේ
5101,උඹට
5102,පක
5103,කිම්බෙන්
5104,තොගේ
5105,කිම්බට
5106,හුකන්නේ
5107,කිම්බ
5108,පට්ට
5109,වෙසි
5110,තොගේ
5111,පුකට
5112,පුකේ
5113,කැරි
5114,වෙසි
5115,කිම්බේ
5116,කැරි
5117,හම්බ
5118,වෙසි
5119,පොන්සි
5120,වේසි
5121,යකෝ
5122,පක
5123,කාලකණ්ණි
5124,පස්ස
5125,රෙද්දටද
5126,යකෝ
5127,ගොන්
5128,මෝඩ
5129,මී
5130,හරකා
5131,හුත්තී
5132,ගොනා
5133,හද්ද
5134,ගොං
5135,පොන්න
5136,හැත්ත
5137,ගොන්
5138,යක්කු
5139,මෝඩයෝ
5140,රෙද්ද
5141,උස්සන්
5142,ටහුකන්ඩ
5143,රෙද්ද
5144,ලබ්බ
5145,හුත්තො
5146,තෝ
5147,වේසිගේ
5148,වස්සෝ
5149,මෝඩයො
5150,කාලකන්නි
5151,මෝඩ
5152,පොන්න
5153,මන්ද
5154,මානසික
5155,ගොබ්බ
5156,හැත්ත
5157,පස්ස
5158,ඇර
5159,ගනිල්ලා
5160,අංගවිකල
5161,ජීවිත
5162,හුත්ත
5163,ගොබ්බ
5164,ජෙප්පෝ
5165,කාලකණ්නි
5166,අනුවන
5167,හැත්ත
5168,කාළකන්නි
5169,අවජාතක
5170,තොපින්ට
5171,අවජාතක
5172,කාළකණ්ණි
5173,හැත්ත
5174,පිස්සු
5175,ගෑනියෙක්
5176,තැරි
5177,දාර
5178,ගොන්පාලො
5179,තෝ
5180,පාදඩ
5181,හැමිනෙන්නියන්ගෙ
5182,පස්ස
5183,බුරි
5184,පතෝල
5185,පොන්නයෙක්ද
5186,කලිසම
5187,ගලවලා
5188,දෙකට
5189,නැමිලා
5190,පස්ස
5191,උස්සලා
5192,මුට
5193,මෝඩයෝය
5194,මෝඩයෝය
5195,කැරි
5196,පොනනයා
5197,හුකවගන්න
5198,පකයා
5199,රෙන්න
5200,පුක
5201,හුජ්ජ
5202,හුජ්ජ
5203,කොල්ලා
5204,හුජ්ජ
5205,කොල්ලාට
5206,තඩි
5207,කේප්ප
5208,වැස්සියෙක්
5209,නෙද්දකින්
5210,තුං
5211,නොදකින්
5212,නොදෝමකින්
5213,බල්ලො
5214,බැලියන්
5215,තූ
5216,නොදකිං
5217,ගොං
5218,වේසි
5219,දුලිප්පයියෙ
5220,නොදෝමකින්
5221,පකෝ
5222,ඒකි
5223,නැවක්
5224,පයිය
5225,දිග
5226,තොපි
5227,හුක
5228,රෙද්ද
5229,පල්ලෙන්
5230,බේරෙයි
5231,දේශදෝරහි
5232,පිපිම්පියා
5233,පුක
5234,හුක්කට
5235,අමන
5236,තට්ටයාට
5237,අයිසෙ
5238,පනික්කියා
5239,හරකාට
5240,හරකා
5241,පයිය
5242,හුත්තෝ
5243,තෝ
5244,තෝ
5245,තෝ
5246,තෝ
5247,තෝ
5248,තෝ
5249,තෝ
5250,තෝ
5251,තෝ
5252,තෝ
5253,තෝ
5254,තෝ
5255,තෝ
5256,තෝ
5257,තෝ
5258,තෝ
5259,තෝ
5260,තෝ
5261,තෝ
5262,තෝ
5263,තෝ
5264,තෝ
5265,තෝ
5266,තෝ
5267,තෝ
5268,තෝ
5269,තෝ
5270,තෝ
5271,තෝ
5272,තෝ
5273,තෝ
5274,තෝ
5275,තෝ
5276,තෝ
5277,තෝ
5278,තෝ
5279,තෝ
5280,තෝ
5281,තෝ
5282,තෝ
5283,තෝ
5284,තෝ
5285,තෝ
5286,තෝ
5287,තෝ
5288,තෝ
5289,තෝ
5290,තෝ
5291,තෝ
5292,තෝ
5293,තෝ
5294,තෝ
5295,තෝ
5296,තෝ
5297,තෝ
5298,තෝ
5299,තෝ
5300,තෝ
5301,තෝ
5302,තෝ
5303,තෝ
5304,තෝ
5305,තෝ
5306,තෝ
5307,තෝ
5308,පකෝ
5309,ලබ්බ
5310,කාලකණ්ණි
5311,නොදකින්
5312,කාලකන්නි
5313,අඩු
5314,කුලේ
5315,පර
5316,හැත්ත
5317,පට්ට
5318,බැල්ලි
5319,අමු
5320,ගොං
5321,ගහක්
5322,නාස්
5323,ලනුවක්
5324,හාන්න
5325,පයිය
5326,පයිය
5327,පයිය
5328,තවුසෙ
5329,බීල
5330,ටහුකන්න
5331,තොපි
5332,යකෝ
5333,ගොන්
5334,බඩුවයි
5335,කිම්බ
5336,කැරියො
5337,හුජ්ජ
5338,බිජ්ජ
5339,වේස
5340,බඩුව
5341,රෙද්ද
5342,වහිනවා
5343,ගොනා
5344,හැත්ත
5345,තන්
5346,පුක්
5347,කාලකන්නි
5348,පුක
5349,මහලා
5350,හුකාපං
5351,පොන්න
5352,වේසිගෙ
5353,තෝ
5354,පකෝ
5355,ගොන්
5356,කැරියො
5357,තොපි
5358,පකෝ
5359,සක්කිලි
5360,වහල්
5361,වේසිගේ
5362,තෝ
5363,පලයන්
5364,තොගේ
5365,පරයා
5366,අවජාතක
5367,නාකි
5368,විසේ
5369,මෝඩ
5370,පොන්න
5371,හැත්ත
5372,තමුසෙ
5373,වල්
5374,බල්ලෙක්
5375,පුක
5376,පයිය
5377,අමුඩ
5378,ගොන්
5379,රැළට
5380,ගොයියට
5381,බිජ්ජ
5382,අවජාතක
5383,වේස
5384,බල්ලෝ
5385,තොපිලා
5386,සෙප්පඩයින්ට
5387,කැත
5388,ගොනා
5389,හුජ්ජ
5390,යන
5391,ගොනා
5392,හරකා
5393,පාහරයන්
5394,තොපි
5395,තන
5396,තන්
5397,තනක්
5398,කැවියා
5399,තෝව
5400,හිඟන
5401,හැත්ත
5402,වේසි
5403,පොන්නයා
5404,පඩේකට
5405,යකො
5406,පුක
5407,ගොනා
5408,පිස්සා
5409,පිස්සු
5410,දුප්
5411,නාකි
5412,හැත්ත
5413,නොදකින්
5414,තෝ
5415,හුජ්ජ
5416,කොල්ලො
5417,පැනි
5418,වල්
5419,රෙද්ද
5420,පිස්සා
5421,යකෝ
5422,ගණිකාවක්
5423,යකෝ
5424,පොන්න
5425,කාලකණ්ණි
5426,මෝඩියා
5427,හුජ්ජ
5428,මෝඩ
5429,තොපි
5430,තෝ
5431,තොට
5432,උගුඩුවා
5433,කිම්බ
5434,ගොබ්බයෝ
5435,පොන්නය
5436,පොන්නයමයි
5437,පලයන්
5438,හුත්තෝ
5439,නුගත්
5440,මුසලයා
5441,ටෞඩු
5442,වලත්ත
5443,රෙද්ද
5444,හැත්ත
5445,සක්කිලි
5446,කැත
5447,කැරිවේසිගෙ
5448,බිජ්ජෝ
5449,රෙද්ද
5450,වල්
5451,ඌරෙක්
5452,තමුසෙ
5453,හුජ්ජ
5454,හුජ්ජ
5455,කරන
5456,බිජ්ජ
5457,පක
5458,ඔයි
5459,තමුසෙ
5460,සාප
5461,බල්ලෝ
5462,ගොන්
5463,පකෝ
5464,තොට
5465,රෙද්ද
5466,පුකේ
5467,ඉඳන්
5468,පිස්සු
5469,යහපාලු
5470,දතාගේ
5471,සක්කිලි
5472,අවජාතක
5473,වල්
5474,බැල්ලියෝ
5475,පට්ට
5476,බල්ලො
5477,බැල්ලියන්ට
5478,තොපි
5479,තෝ
5480,පුක
5481,වෙඩි
5482,කාපන්
5483,කාලකණ්ණියෙක්
5484,ගොන්
5485,අවජාතක
5486,ගොන්නු
5487,මෝඩයෝ
5488,පඩ
5489,ශෝ
5490,පකයලගෙ
5491,පර
5492,හැත්ත
5493,මෝඩ
5494,හැත්ත
5495,ගොන්නු
5496,පුක
5497,මීහරක්
5498,තමුසේ
5499,බීලද
5500,කාලකණ්ණි
5501,බිජ්ජ
5502,මෝඩ
5503,ගොන්
5504,සිපයියොන්ට
5505,ගොං
5506,පර
5507,බල්ලා
5508,පිස්සා
5509,තිරිසනා
5510,පිස්සෙක්
5511,වේසි
5512,වේසී
5513,වේසි
5514,වේසි
5515,තමුසෙගේ
5516,වේසි
5517,තොට
5518,බල්ලා
5519,පො
5520,වේසි
5521,අං
5522,රෙද්දෙ
5523,කලු
5524,කැත
5525,නොහුකා
5526,හිටහං
5527,තෝ
5528,පක
5529,උඹ
5530,හුකපන්
5531,පොන්න
5532,කැරියා
5533,තෝ
5534,ගොං
5535,බූතයා
5536,ලිංගේ
5537,පලයන්
5538,පකෝ
5539,හුජ්ජ
5540,හුත්තො
5541,කාලකණ්ණි
5542,තුහ්
5543,තූ
5544,නොදකින්
5545,ලබ්බ
5546,අවජාතකයා
5547,මැරෙන්න
5548,පොන්න
5549,හුත්තිගේ
5550,පුතා
5551,තූ
5552,ගොනා
5553,තොගේ
5554,තෝ
5555,ඉදකින්
5556,පොන්සියෝ
5557,නොදකින්
5558,හුජ්ජ
5559,නෙද්දකින්
5560,තෝ
5561,සක්කිලි
5562,මිලේච්ඡ
5563,පර
5564,වේසි
5565,පිස්සා
5566,බඩුවක්
5567,තෝ
5568,සක්කිලි
5569,කුහක
5570,මෝඩ
5571,ගොං
5572,පොන්න
5573,රෙද්ද
5574,උස්සලා
5575,පර
5576,ගෑණිට
5577,ගැනියක්ද
5578,තූහ්
5579,නොදකින්
5580,හද්ද
5581,නාකියෙක්
5582,නොදකින්
5583,හැත්ත
5584,හුත්ත
5585,ශික්
5586,බේබදු
5587,තොට
5588,කාලකණ්ණි
5589,බල්ලෙක්
5590,අම්බරුවෝ
5591,පර
5592,බල්ලා
5593,වේසිගේපුතා
5594,බඩු
5595,බඩුව
5596,හම්බයෝ
5597,පුකෙන්
5598,පොනගලයෝ
5599,තෝ
5600,පොන්නයෝ
5601,පුක
5602,තොපි
5603,පුක
5604,හුත්තො
5605,තොපි
5606,සක්කිලි
5607,වැඩ
5608,පොන්නයා
5609,බූරුවට
5610,රෙද්ද
5611,බිජ්ජ
5612,උල්ද
5613,අම්මගේ
5614,රෙද්ද
5615,අවජාතකයාගේ
5616,පාලම්
5617,කොක්කු
5618,හිවලෙක්ද
5619,ගොනා
5620,ගොනා
5621,ගල්
5622,මුසලයා
5623,පර
5624,හැත්ත
5625,බඩුව
5626,හු
5627,කැරි
5628,පක
5629,පයියේ
5630,වේසියෙකුට
5631,තොට
5632,ගල්
5633,මුසලයා
5634,පයිය
5635,නගින්නැතුව
5636,කුහකයො
5637,තොපෙ
5638,තෝ
5639,හුක
5640,තෝ
5641,අවලම්
5642,පර
5643,හැත්ත
5644,පකා
5645,මී
5646,හරකා
5647,තිරිසනුන්
5648,අවජාතක
5649,තිරිසනෙක්
5650,මොළේ
5651,පුකේ
5652,තොපි
5653,තොපි
5654,කාලකන්නින්ගෙන්
5655,පක්කලි
5656,මොංගලායා
5657,පයියක්
5658,කැරි
5659,වැඩ
5660,පකෝ
5661,පකයි
5662,නැට්ට
5663,පුකෙ
5664,බල්ලා
5665,පකෙ
5666,ඌරා
5667,හරකා
5668,ගෙම්බා
5669,වඳුරා
5670,නරියා
5671,හැලි
5672,වඳුරා
5673,හැල
5674,ගෙම්බා
5675,ගස්
5676,රිලවා
5677,පුක
5678,දෙන
5679,බිජ්ජ
5680,හු
5681,තොගෙ
5682,කාලකන්නි
5683,ගැනිගේ
5684,රෙද්ද
5685,තෝ
5686,පුක
5687,රෙද්ද
5688,යකෝ
5689,ගොන්නු
5690,ගොන්
5691,බූරුවො
5692,පොන්න
5693,පකයා
5694,තොගෙ
5695,පයිය
5696,තොගෙ
5697,වනචර
5698,බල්ලා
5699,ගොනා
5700,උඹ
5701,හරකා
5702,පොන්න
5703,වෙසගනෝ
5704,ලබ්බක්
5705,තොපි
5706,පර
5707,දෙමල්ලූ
5708,තොප
5709,හුත්තො
5710,තෝ
5711,හැදිගැවිලාම
5712,පල
5713,තොපි
5714,කාලකණ්ණි
5715,පුක
5716,ගොන්
5717,කතා
5718,සක්කිලි
5719,මස්තබාල්දුයි
5720,ගොනා
5721,වැල
5722,තූ
5723,වේසියේ
5724,තෝ
5725,තූ
5726,වේසියේ
5727,තෝ
5728,කාලකන්නි
5729,කාලකණ්ණි
5730,මැරියල්ලකෝ
5731,කාලකන්නි
5732,හෙන
5733,පකෝ
5734,පුකේ
5735,හුත්තො
5736,හැත්ත
5737,තොපේ
5738,පොන්ගල
5739,කාලකණ්ණි
5740,ගොබ්බයෝ
5741,ගෑණි
5742,ගෑණිගෙ
5743,මෝඩ
5744,මුසල
5745,ගොන්
5746,හරකා
5747,පකෝ
5748,පලයන්
5749,හුත්තො
5750,බල්ලා
5751,ගොන්
5752,තකතීරෑ
5753,මීහරක්ද
5754,රෙද්ද
5755,ගොන්
5756,පිස්සූ
5757,අකුලෝලා
5758,පලයන්
5759,සාපයක්
5760,අම්මගේ
5761,රෙද්දේ
5762,හුජ්ජ
5763,මෝඩ
5764,පාලකයන්
5765,නාකි
5766,හෙන
5767,වලත්තයා
5768,පිප්පියට
5769,වලත්තයෙක්
5770,තෝ
5771,පකෝ
5772,කාලකන්නියා
5773,ගොබ්බයන්ගේ
5774,තන්
5775,පස්ස
5776,පැත්ත
5777,විකුනන
5778,බුලෙයා
5779,පුකාර
5780,බුලෙයා
5781,සක්කිලි
5782,හැත්ත
5783,ටහුඩු
5784,නොදකින්
5785,කාලකන්නි
5786,තුප්පහි
5787,ගූ
5788,හෙන
5789,වල්
5790,ගොන්
5791,බූරුවෝ
5792,නොදකින්
5793,ගොන්
5794,බිජ්ජෝ
5795,ඉයා
5796,බඩුත්
5797,කොලු
5798,බඩුව
5799,පොන්න
5800,හුකන්නා
5801,කැරි
5802,හම්බයා
5803,වේස
5804,බල්ලෝ
5805,හිකනලුන්ගේවත්
5806,හුජ්ජ
5807,පල
5808,පල
5809,හිකනලා
5810,සක්කිලි
5811,තෝ
5812,ගුටි
5813,කාපං
5814,පොන්න
5815,වාහෙලා
5816,පිස්සා
5817,ගලයි
5818,පුකයි
5819,හුත්තෝ
5820,උඹලා
5821,යකෝ
5822,යකොව්
5823,පුක
5824,ලබ්බ
5825,ගොං
5826,තම්බීන්ගේ
5827,පර
5828,හැත්ත
5829,සක්කිලි
5830,හුකන්නෝ
5831,පිස්සු
5832,හුකන්නෝ
5833,සක්කිලි
5834,නාකියා
5835,තෝ
5836,පොන්නයෙක්
5837,පොන්නයගෙ
5838,පොන්න
5839,හුත්තලා
5840,පුක
5841,නොදකින්
5842,ගොන්
5843,ලබ්බෝ
5844,වේසි
5845,බඩුව
5846,ගොං
5847,බඩුවක්
5848,තෝ
5849,පලකෝ
5850,බඩුව
5851,තෝ
5852,කාලකන්නි
5853,සක්කිලි
5854,මී
5855,හරකෙක්
5856,තෝ
5857,පුක
5858,තෝ
5859,පරයා
5860,උබ
5861,ගොනා
5862,වේස
5863,බඩුවක්
5864,කක්කි
5865,කලවැද්ද
5866,මෝඩ
5867,චූන්
5868,මෝඩ
5869,හුත්ත
5870,කැරි
5871,හුකවල
5872,තෝ
5873,ගොනා
5874,බූරුවා
5875,හරක්ට
5876,තොපි
5877,අන්තවාදියෝ
5878,සක්කිලි
5879,හුජ්ජ
5880,පුක
5881,පයි
5882,පුකේ
5883,බඩුව
5884,තූ
5885,නොදකින්
5886,කාලකන්නි
5887,වේස
5888,බල්ලෝ
5889,කෙරි
5890,බල්ලා
5891,මූශලයා
5892,සෝදමු
5893,තව
5894,සෝදමූ
5895,මූසල
5896,ගොන්
5897,ගොන්නු
5898,හැත්ත
5899,ගොන්
5900,නොදකින්
5901,හරක්
5902,පිංගොනා
5903,තෝ
5904,වැස්සි
5905,නාකියො
5906,තෝ
5907,බිජ්ජ
5908,බිජ්ජො
5909,තෝ
5910,හුත්තෝ
5911,පොන්නයා
5912,පකයො
5913,පොන්නයා
5914,යකො
5915,වේසි
5916,සක්කිලි
5917,රෙද්ද
5918,අස්සේ
5919,රෙද්ද
5920,අස්සේ
5921,කාලකන්නි
5922,හැත්ත
5923,නොදකින්
5924,කැරියා
5925,හුත්තටත්
5926,මූසලයා
5927,තොපි
5928,සක්කිලි
5929,ඕයී
5930,තමුසෙ
5931,රෙන
5932,හුත්තියනේ
5933,පලයන්
5934,අපතය
5935,කාලකන්නි
5936,මුන්ගේ
5937,අමනුස්ස
5938,හැත්ත
5939,හෙණම
5940,පඩංගු
5941,ගොබ්බ
5942,පුක
5943,පුක
5944,ගොන්
5945,බිජ්ජෝ
5946,ලබ්බක්
5947,පක
5948,හුත්තිගෙ
5949,පකයෝ
5950,හැමිනෙන්නෙ
5951,පකීර්ලව
5952,ගොබ්බයි
5953,බූරුවො
5954,පුත්තලම්
5955,බූරුවො
5956,සාප
5957,සාපෙ
5958,පයිය
5959,හරකුන්ගෙන්
5960,වහල්
5961,හිකනලුන්ගේ
5962,මෝඩ
5963,ගොං
5964,බඩ්ඩ
5965,ගොන්නුන්ට
5966,තෝ
5967,පුක්ලෝලි
5968,හූන
5969,තෝ
5970,හරකා
5971,හරක්
5972,හරකා
5973,තොපි
5974,නොදකින්
5975,අවජාතක
5976,ඉස්ටැයිලකින්
5977,ලබ්බක්
5978,කාලකණ්ණි
5979,බල්ලො
5980,අවජාතක
5981,කුපාඩි
5982,ලබ්බ
5983,තිරිසන්
5984,ම්ලේච්ඡ
5985,අසමජ්ජාතී
5986,අවජාතක
5987,වේසි
5988,පොන්නය
5989,ගොන්
5990,බඩුවක්
5991,පුක
5992,කලකාන්නි
5993,හුටා
5994,සිප්පි
5995,කෑල්ල
5996,සක්කිලි
5997,තොට
5998,හු
5999,මුන්
6000,යකෝ
6001,ගොබ්බ
6002,රෙද්ද
6003,බිජ්ජ
6004,කපන්න
6005,හුජ්ජ
6006,බිජ්ජ
6007,හුත්තිලා
6008,පක
6009,හම්බ
6010,පකයි
6011,බිජ්ජ
6012,පකයින්ගෙ
6013,පකෝ
6014,තඩි
6015,තෝ
6016,මහ
6017,කරුමයක්
6018,කාලකණ්ණි
6019,සාප
6020,සක්කිලි
6021,කැරි
6022,පොන්න
6023,වේසිගෙ
6024,කඩලා
6025,මරනවා
6026,පක
6027,තෝ
6028,අපතයෙක්
6029,හුත්ත
6030,හුකන්නලට
6031,වල්
6032,තොට
6033,යකෝ
6034,වේස
6035,හැත්ත
6036,කාලකන්ණිකම්
6037,පක
6038,පකෝ
6039,අවජාතක
6040,අවජාතක
6041,එළු
6042,බිජ්ජ
6043,මෝඩ
6044,ලබ්බක්
6045,ලබ්බ
6046,භල්ලෝ
6047,වර
6048,තොට
6049,ලබ්බවල්වලින්
6050,ගොන්
6051,හුත්තෙක්
6052,තමුසෙ
6053,තමුසෙ
6054,පොන්න
6055,වඳුරු
6056,සක්කිලි
6057,හැත්ත
6058,පලයන්
6059,මුසලයා
6060,පලයන්
6061,ගහන්න
6062,ඕනි
6063,පචයාගේ
6064,මුසල
6065,හැත්ත
6066,බඩුවට
6067,බඩුව
6068,කුණු
6069,මීයෙක්
6070,හුජ්ජ
6071,යකෝ
6072,හකරෝ
6073,හුජ්ජ
6074,සක්කිලි
6075,තුවාල
6076,වෙයන්
6077,තොපි
6078,හුත්තිගේ
6079,පල
6080,පර
6081,බල්ලා
6082,බඩුව
6083,බඩුව
6084,අලි
6085,පුකෙන්
6086,තෝ
6087,කිහිලි
6088,ලෙවන්නනෙ
6089,හුජ්ජ
6090,කොල්ලො
6091,හැමිනෙන්න
6092,පුක
6093,කාලකණ්ණි
6094,පුපේ
6095,උඹ
6096,උඔ
6097,පොර
6098,හුකේ
6099,බලු
6100,ගති
6101,උඹ
6102,හැත්ත
6103,තොට
6104,බුරිය
6105,සට්ටැඹියන්ගෙ
6106,සක්කිලි
6107,පර
6108,ගති
6109,බිජ්ජ
6110,පස්ස
6111,හෝදලා
6112,හෝතඹුවා
6113,පරයා
6114,පරයා
6115,කාලකණ්ණි
6116,ආච්චිට
6117,හාල්
6118,ගරන්න
6119,රෙද්ද
6120,හුජ්ජ
6121,කැරි
6122,පයිය
6123,පුක
6124,හපන්
6125,අවජාතක
6126,පරයෙක්මැයි
6127,කිබි
6128,සිබා
6129,පයිය
6130,වට්ටි
6131,අම්මලා
6132,පයිය
6133,පලයන්
6134,බිජ්ජා
6135,පකෝ
6136,වේසි
6137,සාප
6138,පල
6139,මාලු
6140,වේසි
6141,ඇටේ
6142,පුක
6143,පලයනුත්තෝ
6144,ගොන්
6145,හරකෙක්
6146,යකෝ
6147,මෝඩ
6148,මූසලයෙක්
6149,තමුසෙලා
6150,අයිසෙ
6151,කුහක
6152,හැත්ත
6153,ගූ
6154,කුහකයි
6155,තුහ්
6156,නොදකින්
6157,පාදඩ
6158,අමු
6159,පිස්සෙක්
6160,තෝ
6161,බොටත්
6162,නාකි
6163,විසේ
6164,අහවල්
6165,වැඩේ
6166,පලයන්
6167,පකයා
6168,ගොං
6169,හෙන
6170,ගහලත්
6171,අම්මපා
6172,හුජ්ජ
6173,ගොඩයෝ
6174,හුජ්ජ
6175,හුජ්ජ
6176,තොපි
6177,පවුකාරයො
6178,රෙන්ඩයි
6179,හුජ්ජ
6180,රෙද්ද
6181,පල්ලෙන්
6182,ගඳයි
6183,වැල
6184,හුකුස්සා
6185,ගොන්
6186,හුකුස්සා
6187,වේස
6188,පකයලා
6189,හුත්ත
6190,උන්
6191,උන්
6192,සක්කිලි
6193,අමු
6194,මී
6195,හරක්
6196,හරකා
6197,ගොන්
6198,කාලකණ්ණි
6199,යකෝ
6200,උගේ
6201,පස්සෙ
6202,රෙද්ද
6203,පකය
6204,හුත්තී
6205,තන්
6206,තන්
6207,තඩි
6208,පුකවල්
6209,පුකවල්
6210,ලබ්බ
6211,හැත්තයි
6212,ගොන්
6213,හැත්ත
6214,මෑටි
6215,මෝලෝ
6216,අනේ
6217,පකෝ
6218,ගෙම්බන්පිලයට
6219,ගොන්
6220,තෝ
6221,බඩුවම්
6222,බූරවො
6223,රෙද්දක්
6224,කාලකණ්ණි
6225,වේසියෙක්
6226,වේසියෙක්
6227,වනචර
6228,වලත්ත
6229,වේසෙක්
6230,වේසියන්ට
6231,වේසි
6232,වේසොන්ට
6233,වේසා
6234,වේසකම්
6235,වේසකම්
6236,වේසකම්
6237,බල්ලියොත්
6238,බඩුව
6239,පුක
6240,තෝ
6241,පිස්සා
6242,අවජාතක
6243,නපුංසකයන්
6244,හුයන්නක්ද
6245,තෝ
6246,මැට්ටා
6247,ගොනා
6248,පොල්බූරුවා
6249,වේසියෙක්ට
6250,වේස
6251,වේසියන්ට
6252,වල්
6253,හුජ්ජ
6254,කෙල්ලොන්ට
6255,උට්ටක්ද
6256,ලබ්බ
6257,බයිලා
6258,පම්කියෝද
6259,පලයං
6260,හු
6261,හුජ්ජ
6262,ලිංගෙම්බෝ
6263,හුජ්ජ
6264,බිජ්ජ
6265,අයිසෙ
6266,මෝඩ
6267,ගොන්
6268,හුජ්ජ
6269,කොල්ලන්ට
6270,තොපි
6271,කපනවා
6272,බිජ්ජකද
6273,පකෝ
6274,තෝ
6275,අම්මට
6276,හු
6277,තෝ
6278,තුප්පැහි
6279,සක්කිලි
6280,ඕකුන්
6281,අලුගුත්තෙරුවෝ
6282,පකෝ
6283,ඇට
6284,දෙකත්
6285,තෝ
6286,පයිය
6287,පුක
6288,ලෙවාස්
6289,හොර
6290,ටහුඩු
6291,පුක
6292,පලාගන්නේ
6293,හුත්තෝ
6294,ජඩ
6295,සක්කිලි
6296,පස්ස
6297,සක්කිලි
6298,රෙදි
6299,කාලකණ්ණි
6300,මෝඩ
6301,කුහක
6302,කම
6303,කුහක
6304,ගොනා
6305,පිස්සා
6306,උට
6307,පිස්සු
6308,ගොන්නු
6309,හුජ්ජ
6310,තොට
6311,පල
6312,වල්
6313,ගැහැණියක්
6314,සක්කිලියෝ
6315,කාලකණ්නි
6316,පාහර
6317,බල්ලෝ
6318,තුක්
6319,නොදකින්
6320,නපුන්සකයා
6321,පොන්න
6322,ගොං
6323,තකතීරුවෙක්
6324,හුත්ත
6325,තුට්ටුදෙකේ
6326,අවජාතක
6327,සක්කිලි
6328,වේසිගෙ
6329,පුත්තු
6330,හැඳි
6331,ගෑවෙන්න
6332,පුකට
6333,හෙන
6334,පකෝ
6335,නාකි
6336,පිස්සව
6337,බඩුව
6338,මෝඩයා
6339,පිස්සා
6340,මෝඩ
6341,පකෝ
6342,ලොන්ත
6343,හැත්තනෙ
6344,වහල්
6345,හරකුන්ට
6346,පුක
6347,වඳ
6348,පකෝ
6349,හුත්තෝ
6350,නොදකින්
6351,මූසල
6352,තෝ
6353,පල
6354,පල
6355,හුත්තිගෙ
6356,පුතා
6357,තෝ
6358,හැමනියන්
6359,කාලකණ්ණි
6360,පකය
6361,නිදිකුම්බා
6362,බඩුවක්
6363,කාලකණ්ණි
6364,තූ
6365,තොපි
6366,යකෝ
6367,ඌ
6368,යකූ
6369,බහුජ්ජයො
6370,සිබාලා
6371,නොදකින්
6372,බල්ලො
6373,තොපිත්
6374,බලු
6375,ගොන්
6376,හුත්තිගේ
6377,පුතාලා
6378,අවජාතක
6379,කබ්බො
6380,පයිය
6381,තලන්න
6382,ඔකූන්ගේ
6383,තෝ
6384,පල
6385,පිස්සා
6386,රස්තියාදුකාරයා
6387,තෝ
6388,වඳ
6389,වේසිගේ
6390,පුතෝ
6391,තොට
6392,බූරුවා
6393,ගොන්
6394,තොපිලා
6395,පොන්නයෝ
6396,කාලකන්නි
6397,හැතිකරේ
6398,අපත
6399,හම්බයන්ට
6400,හම්බයින්ට
6401,පොන්න
6402,පොන්නයෝ
6403,ගොන්
6404,ලබ්බෝ
6405,රෙද්ද
6406,මැරියන්
6407,තෝ
6408,පලයන්
6409,හූ
6410,නොදකින්
6411,හැත්ත
6412,මකබෑවිලා
6413,පලයව්
6414,පර
6415,හැත්ත
6416,හුකන
6417,කෙරි
6418,තෝ
6419,පර
6420,බල්ලා
6421,තොපි
6422,හුත්තෝ
6423,නොදකින්
6424,බැල්ලි
6425,වහල්ලු
6426,රි
6427,රිලව්
6428,කාලකන්නි
6429,සක්කිලි
6430,බල්ලො
6431,වීර
6432,සංගිලි
6433,පනික්කියෝ
6434,පනික්කියෝ
6435,තොපි
6436,රෙදි
6437,ගලවනවා
6438,පනික්කියෝ
6439,නාකි
6440,බල්ලො
6441,පලයන්
6442,කැරි
6443,පොන්නයා
6444,වේස
6445,පකා
6446,බිජ්ජ
6447,යකෝ
6448,තෝ
6449,තොපි
6450,පොන්න
6451,අඩු
6452,පර
6453,හැත්ත
6454,අඩු
6455,පරහැත්ත
6456,මූ
6457,අමු
6458,ගවයා
6459,මුසලයා
6460,බඩ
6461,පලයන්
6462,වේසි
6463,බඩ
6464,පල
6465,යකෝ
6466,පොන්නයෝ
6467,යකෝ
6468,මරාගෙන
6469,මැරියල්ල
6470,අම්මගෙරෙද්ද
6471,වේස
6472,පකයො
6473,නද්දකින්
6474,ගොන්
6475,පක්කු
6476,හොරාකන
6477,මුසලයා
6478,පුක
6479,රෙද්ද
6480,පල්ලෙන්
6481,බේරෙනවා
6482,පුක
6483,මෝඩ
6484,යක්කූ
6485,පඩිගත්ත
6486,සක්කිලි
6487,පොන්න
6488,හරකුනුත්
6489,කාලකණ්ණි
6490,නාකියාට
6491,උම්මත්තකයෙක්මූ
6492,ගොන්
6493,බයියො
6494,පිස්සාමූ
6495,පිස්සු
6496,පිස්සු
6497,මුන්
6498,යකෝ
6499,සමනල්ලු
6500,පොන්නයෝ
6501,ගොබ්බයෝ
6502,සක්කිලිය
6503,පකෝ
6504,සක්කිලි
6505,පකෝ
6506,කාලකණ්ණි
6507,පක්කු
6508,පර
6509,බල්ලො
6510,තොපි
6511,වේස
6512,තොපි
6513,අනේ
6514,ගොන්
6515,බයිලා
6516,හුත්තයි
6517,ගෑණි
6518,පරයා
6519,තෝ
6520,පොන්නයෙක්ව
6521,සක්කිලියා
6522,තිරිසනා
6523,ටෞකන්ඩ
6524,හුත්ත
6525,පුක
6526,හිනාව
6527,දේන්ඩ
6528,තිබ්බා
6529,අරුන්ගේ
6530,කටට
6531,පකෝ
6532,ලබ්බ
6533,බඩුවක්
6534,වේස
6535,බඩුවක්
6536,කැරි
6537,පක
6538,පයියේ
6539,වේසියෙකුට
6540,පුක
6541,පක
6542,පිස්සා
6543,නොදකින්
6544,උන්
6545,ගූ
6546,යකුනෙ
6547,තොපේ
6548,ලබ්බවල්
6549,උන්ගෙ
6550,හුජ්ජ
6551,මෝඩ
6552,ගොන්
6553,හරක්
6554,හැත්ත
6555,සාප
6556,නාකි
6557,සෙට්
6558,එක
6559,ගොන්
6560,හිකනල්ලු
6561,තොපෙ
6562,පුකයි
6563,සක්කිලි
6564,හැත්ත
6565,ජඩ
6566,පුක්මන්ත
6567,කැත
6568,හිත
6569,සක්කිලි
6570,බිජ්ජ
6571,පලයං
6572,අයිසෙ
6573,බොරු
6574,බයිල
6575,තෝ
6576,තොගෙ
6577,පයියෙ
6578,පයිය
6579,අම්මාගේ
6580,රෙද්ද
6581,යකෝ
6582,මෝඩ
6583,ටොයියෝ
6584,ගණයෝ
6585,තෝ
6586,පොන්න
6587,තම්බී
6588,කාලකන්නි
6589,මෝඩයින්ට
6590,සක්කිලි
6591,නොදකින්
6592,කාලකණ්ණිකම
6593,නොදකින්
6594,තුහ්
6595,වේසා
6596,තොපිලා
6597,හොරු
6598,රැලටම
6599,පලයන්
6600,කොළුකාර
6601,හැත්ත
6602,අහවල්
6603,ලබ්බකටද
6604,කුනුහබ්බ
6605,තොට
6606,භූමිතෙල්
6607,බිජ්ජ
6608,න්න
6609,වල්
6610,පදුරු
6611,වේසාවා
6612,හුත්තී
6613,යකෝ
6614,තෝ
6615,තොපිට
6616,පලයන්
6617,වේස
6618,පොන්න
6619,සිපයියන්ට
6620,පන්න
6621,පොක්කු
6622,පොන්න
6623,වේසි
6624,බල්ලො
6625,බයියොන්ට
6626,ඇටනමේ
6627,හුජ්ජ
6628,පිස්සා
6629,නාකි
6630,ගෑනියෙක්
6631,නාකිවවිසේ
6632,ගොන්
6633,පොන්සියෝ
6634,සමලින්ගිකයෝ
6635,පට්ට
6636,බැල්ලි
6637,ඕකි
6638,අවජාතක
6639,තොපි
6640,තමුසෙ
6641,හුයන්නක්ද
6642,වේස
6643,බල්ලො
6644,බැල්ලියෙක්
6645,බැල්ලිගේ
6646,උඹත්
6647,පලයන්
6648,පක
6649,පුක
6650,සාපයක්
6651,හිටන්
6652,රෙද්ද
6653,පල්ලෙ
6654,පුක
6655,පකෝ
6656,අවජාතක
6657,සක්කිලි
6658,වේසිගෙ
6659,පොන්න
6660,හුත්තිගෙ
6661,පොන්න
6662,ගොන්
6663,ආතල්
6664,ගොබ්බම
6665,ගොබ්බ
6666,මෝඩ
6667,වැඩ
6668,මුන්ට
6669,හුත්තො
6670,හුත්තෝ
6671,චීත්තයක්
6672,ගලයි
6673,පුකයි
6674,මෝඩ
6675,තෝ
6676,මැරියන්
6677,බල්ලා
6678,පුක
6679,කසයි
6680,නොදකින්
6681,හුකන
6682,පුක
6683,අවජාතක
6684,හැත්ත
6685,කැරියන්ටද
6686,වේස
6687,බැල්ලියන්ගේ
6688,කැරිකම
6689,කිම්බ
6690,කන්න
6691,අල්ලගෙ
6692,ලබ්බ
6693,බිජ්ජ
6694,හැමනෙන්නෙ
6695,පුක
6696,මෝඩ
6697,හැත්තක්
6698,පුක
6699,තොපි
6700,කාලකන්නි
6701,හුකලා
6702,අමු
6703,හරකෙක්
6704,ඇටේ
6705,ඇටේ
6706,කාලකන්නි
6707,පොන්න
6708,පකෝ
6709,වල්
6710,බල්ලෙක්
6711,බැල්ලියක්
6712,හුක
6713,පයියාගල
6714,කිඹිස්ස
6715,හුකපන්
6716,වේසි
6717,අපතයෝ
6718,පිස්සු
6719,නොසන්ඩාල
6720,හැත්ත
6721,අවජාතක
6722,මී
6723,හරකා
6724,කාලකන්නි
6725,හැත්ත
6726,හුත්තො
6727,තොගෙ
6728,බිජ්ජ
6729,ගොන්
6730,වේස
6731,නොදකින්
6732,ගොන්
6733,සිපයියෝ
6734,කාලකන්නි
6735,හුත්තලා
6736,මැරෙන්න
6737,ඔනෙ
6738,පයිය
6739,හුයන්නී
6740,හුත්තී
6741,හුකන්නී
6742,බල්ලෝ
6743,කාලකණ්ණි
6744,හු
6745,පොන්න
6746,ලබ්බ
6747,පයිය
6748,පයියක්
6749,මුසලයා
6750,හුකාං
6751,පුතානො
6752,පට්ට
6753,කාලකණ්ණි
6754,අවජතක
6755,පකයි
6756,පරහැත්ත
6757,සක්කිලි
6758,පොන්න
6759,පකයි
6760,යකො
6761,යකෝ
6762,පොන්නයොත්
6763,කාළකන්නියා
6764,නොදකින්
6765,අමුඩයක්
6766,ඇදපන්
6767,වේස
6768,හුත්තො
6769,තෝ
6770,ලබ්බක්
6771,තූ
6772,නොදකින්
6773,මූ
6774,ගොන්
6775,පකේ
6776,කාලකණ්ණි
6777,මෝල
6778,බිජ්ජ
6779,පර
6780,බැල්ලි
6781,පුක
6782,දනවෝ
6783,පුකේ
6784,කාලකණ්ණි
6785,තමුසෙ
6786,අයිසෙ
6787,ලබ්බ
6788,මැරියන්
6789,පරය
6790,කාලකණ්ණි
6791,ගඳ
6792,පනුවෙක්
6793,හුත්ත
6794,ගොන්
6795,අලියා
6796,හරක්
6797,වැඩ
6798,බිජ්ජ
6799,උම්බෙ
6800,උම්බෙ
6801,ඇටේ
6802,හුත්තො
6803,ජන්ගි
6804,චූ
6805,අවජාතක
6806,හැත්ත
6807,පකෝ
6808,හුත්තො
6809,හු
6810,බඩුවටත්
6811,බඩුව
6812,තොපි
6813,හෙන
6814,පස්ස
6815,ලෙවකන
6816,තොපි
6817,රෙදි
6818,නැතුව
6819,කඩේ
6820,යන
6821,හිඟන
6822,ගොන්බයියෝ
6823,හිඟන
6824,පම්කෙක්
6825,තොපිල
6826,යකෝ
6827,තෝ
6828,අවජාතකයෙක්ට
6829,කාලකණ්ණි
6830,කැරි
6831,වේසිගේ
6832,පකෝ
6833,පෙරේතයෝ
6834,කුම්භාණ්ඩයෝ
6835,පෙරේතයො
6836,කුම්භාණ්ඩයොන්ට
6837,බිජ්ජෝ
6838,පොන්න
6839,හුත්තො
6840,ගොං
6841,පුක
6842,බිජ්ජ
6843,කපනවා
6844,බිජ්ජ
6845,කපනවා
6846,උත්තලා
6847,අයිසෙ
6848,තමුසෙ
6849,තමුසෙගෙ
6850,හෙළුව
6851,තමුසෙ
6852,තමුසෙගෙ
6853,පුකක්
6854,රෙද්දක්ද
6855,ලබ්බ
6856,පට්ට
6857,වේසි
6858,උබ
6859,ගොනා
6860,පුක
6861,දීපු
6862,පරබල්ලෝ
6863,බල්ලො
6864,තොපි
6865,හිකනල්
6866,කැරි
6867,වේස
6868,තම්බියෝ
6869,බල්ලො
6870,කාළකණ්නි
6871,වල්
6872,පරයෝ
6873,බිජ්ජ
6874,හුකා
6875,හුකා
6876,පයිය
6877,පක
6878,සමනල්
6879,පාලනය
6880,කාලකණ්ණි
6881,තෝ
6882,ලබ්බ
6883,පුක
6884,ඇටේ
6885,හරකා
6886,බඩුව
6887,පුක
6888,ඌට
6889,වේසි
6890,නෙද්දකින්
6891,හරක්
6892,පර
6893,හැත්ත
6894,තමුසෙ
6895,ජරා
6896,තමුසෙ
6897,කාළකන්නි
6898,හෙන
6899,හැඳිගෑවිලා
6900,මෝඩ
6901,හැත්ත
6902,පුකට
6903,ටච්
6904,තෝව
6905,මරනවා
6906,පුක
6907,හුජ්ජ
6908,කෙල්ලෙක්
6909,පයිය
6910,කොටා
6911,කුක්කුවට
6912,අවජාතක
6913,පුක
6914,තමුසෙට
6915,පිස්සු
6916,අයිසේ
6917,නොදකින්
6918,අසහනකාරයා
6919,නැගපං
6920,බඩුව
6921,ගොං
6922,බිජ්ජෙක්
6923,නොදකින්
6924,මෝඩ
6925,මූසලයා
6926,පොන්න
6927,තෝ
6928,කේ
6929,මූසල
6930,කාලකණ්ණි
6931,හැත්ත
6932,බඩ
6933,පලයන්
6934,කාලකණ්නි
6935,හැත්ත
6936,කාලකණ්ණි
6937,අංගවිකල
6938,කාලක්ණ්නියා
6939,ටහුක්
6940,තෝ
6941,මුදලට
6942,කහින
6943,බංකොලොත්
6944,උඹල
6945,පුක
6946,වලත්තයා
6947,කැත
6948,බැල්ලි
6949,මීහරකා
6950,පොන්නයෝ
6951,යකෝ
6952,හැතිකරේට
6953,පුක
6954,හැත්ත
6955,කඩේ
6956,කඩේ
6957,හුත්තට
6958,පක
6959,හුකන්නේ
6960,පකෝ
6961,පක
6962,කාලකණ්ණි
6963,හුත්ත
6964,පයිය
6965,බෞකාහන්
6966,කෙරි
6967,හරකෙකු
6968,පුක
6969,සක්කිලි
6970,පුක
6971,අවජාතක
6972,පට්ට
6973,වේසියෝ
6974,පොන්නයො
6975,තොට
6976,තෝ
6977,තොපි
6978,නාකි
6979,පෙරේතයා
6980,ලොල්ලා
6981,රෙද්ද
6982,රීල
6983,පුක
6984,කාලකණ්ණි
6985,ගොන්
6986,පක්කු
6987,හුකාගනින්
6988,සුනකයා
6989,ගොං
6990,ලබ්බ
6991,ඌ
6992,අමු
6993,ගොන්
6994,හරකෙක්
6995,රෙද්ද
6996,තංගැට
6997,හුම්මෙ
6998,පරට්ටි
6999,මෝඩ
7000,පයියො
7001,වේසියොඕකුං
7002,රෙන
7003,ටෞකන්ඩ
7004,ගොන්නු
7005,ලැජ්ජායි
7006,හුජ්ජ
7007,බරක්
7008,බෙට්ට
7009,පුක
7010,පුක
7011,කාලකණ්ණි
7012,කාලකන්නි
7013,හැත්ත
7014,අවජාතක
7015,බැල්ලිගේ
7016,පුතෙක්
7017,තොගේ
7018,හැකර
7019,වහපන්
7020,තෝ
7021,ගෝත
7022,පකෙක්
7023,ගොබ්බ
7024,මීරක්
7025,ගොබ්බ
7026,තඩි
7027,ශිවන්යෙක්
7028,බඩ
7029,ගෑණි
7030,කාලකනින්ට
7031,තෝ
7032,හැදිගෑවියන්
7033,පර
7034,බල්ලා
7035,ගූ
7036,තමුසෙ
7037,තොපි
7038,හොක්ක
7039,තලන්නෙ
7040,හොක්ක
7041,පොන්නයා
7042,හිඟන
7043,බැල්ලිගෙ
7044,එකා
7045,පුක
7046,වලලාගෙන
7047,මැරියන්
7048,චීත්ත
7049,හැත්ත
7050,රෙන
7051,කං
7052,බඩුව
7053,තෝ
7054,පනුවො
7055,සක්කිලි
7056,හැත්ත
7057,රි
7058,යකො
7059,කුනුහරුප
7060,හුත්ත
7061,පක
7062,වේසි
7063,පොන්නයා
7064,කුනුහරපය
7065,හුත්ත
7066,තොපි
7067,ගොන්
7068,ලිස්ට්
7069,මෝඩ
7070,හුත්තෙ
7071,හිටං
7072,පුක
7073,ලදරං
7074,පක
7075,දෙදරං
7076,ගොන්
7077,ගෑණියෙක්ගේ
7078,ඇමිනෙන
7079,වේස
7080,බල්ලා
7081,අවජාතක
7082,ගොං
7083,පුකවල්
7084,යකෝ
7085,හරක්
7086,වේස
7087,ගෑණි
7088,රෙද්ද
7089,අවජාතක
7090,තක්කඩියෙකි
7091,හම්බයො
7092,ඩබල්ගෙම්
7093,කාරයා
7094,නිවටයා
7095,ගුනමකුනා
7096,පබයා
7097,මුසලයා
7098,පාවාදෙන්නා
7099,නෙදකින්
7100,තෝ
7101,වැසිකිළි
7102,කට
7103,අපතයින්ගෙ
7104,බිජ්ජ
7105,කාලකණ්ණි
7106,හිඟන
7107,හැත්ත
7108,ඉල්ලේ
7109,තෝ
7110,පරට්ටි
7111,වේසාවි
7112,බඩුව
7113,මෝඩ
7114,මූසලය
7115,හුත්තෝ
7116,හුත්තම
7117,පකෝ
7118,හුත්තිගෙ
7119,හුත්තිගෙ
7120,තොපෙ
7121,වහුකුණු
7122,හුත්ත
7123,තෝ
7124,ඕකිට
7125,තුක්
7126,නොදකින්
7127,බල්ලනේ
7128,පකෝ
7129,කාලකණ්ණි
7130,ගොං
7131,පස්ස
7132,පලු
7133,දෙකේ
7134,මෝඩ
7135,හරකා
7136,පකෝ
7137,පු
7138,ගොන්
7139,ගෑනි
7140,පකයෝ
7141,රෙද්ද
7142,හුකන්න
7143,හුකපං
7144,හුත්තී
7145,තෝ
7146,පල
7147,බඩුව
7148,පුක
7149,පකෝ
7150,තෝ
7151,සීනිබෝල
7152,පොන්නයෝ
7153,පට්ට
7154,හිගන්නෝ
7155,හුජ්ජ
7156,හුජ්ජ
7157,මොනෞත්තක්ද
7158,පකෝ
7159,පකයට
7160,පට්ට
7161,හඩු
7162,ගද
7163,උන්ට
7164,යකෝ
7165,රෙද්ද
7166,දීපන්
7167,තෝ
7168,පකෝ
7169,වැඩක්
7170,ඝනගෙඩියො
7171,තක්කඩි
7172,වැඩක්
7173,හුත්තලා
7174,නොදකින්
7175,තූ
7176,ගොන්
7177,තොත්
7178,තොගෙ
7179,හු
7180,පොන්න
7181,පකයෙක්
7182,ගොන්
7183,ගොන්
7184,හොර
7185,ගෑණි
7186,ගොන්
7187,බඩුවකටනි
7188,නොදකින්
7189,හුත්ත
7190,කාලකණ්ණි
7191,බූරුවෙක්
7192,වංචාකාරයෙක්
7193,තක්කඩියෙක්
7194,හුත්තෝ
7195,කාලකණී
7196,කාලකන්ණී
7197,ගොන්
7198,කතා
7199,අමුම
7200,අමු
7201,කාලකණ්ණි
7202,සක්කිලි
7203,ගෑණි
7204,නොදකිං
7205,පයිය
7206,පකයා
7207,පොන්නයෝය
7208,පර
7209,මුස්ලිම්
7210,හැත්ත
7211,කිම්බ
7212,උඹලත්
7213,සක්කිලි
7214,තොපේ
7215,ලබ්බ
7216,ටහිකෙන
7217,නිව්මෝනියා
7218,කාරයෙක්
7219,පයිය
7220,ගොන්
7221,හරකෙක්ගේ
7222,8216
7223,තෝ
7224,පල
7225,කාළකන්ණි
7226,හැත්ත
7227,නොදකින්
7228,බූරුවා
7229,තඩි
7230,බඩුවක්
7231,හුත්තට
7232,පුකේ
7233,බිජ්ජ
7234,හුජ්ජ
7235,පට්ට
7236,වේසියො
7237,යකෝ
7238,තෝ
7239,ජංගි
7240,නොදකින්
7241,පකෝ
7242,පකක්
7243,ගූ
7244,චරිත
7245,හැත්ත
7246,පුක
7247,ගොන්
7248,වේසි
7249,පකෝ
7250,ගොන්
7251,ගොන්
7252,බිජ්ජ
7253,ලොක්
7254,පුක
7255,පොන්න
7256,පොන්න
7257,වේස
7258,බිජ්ජ
7259,තොපි
7260,තොපිට
7261,පකෝ
7262,පක
7263,ගැහුවා
7264,පකක්
7265,පොන්න
7266,පොන්න
7267,හෙන
7268,තොපි
7269,බොල
7270,හුකල
7271,තොපි
7272,රීලා
7273,පොන්න
7274,හුත්තේ
7275,රෙන්න
7276,පුක
7277,පුක
7278,පොන්න
7279,හිපියෙකු
7280,ගණිකාව
7281,පොන්නයා
7282,පයිවලින්
7283,කික්කියොන්ගේ
7284,හුජ්ජ
7285,කික්කියො
7286,රෙද්ද
7287,බිජ්ජ
7288,පුක
7289,පස්ස
7290,ඉස්සෝ
7291,කොටුවක්
7292,ලබ්බ
7293,කාලකන්නි
